Workbook
Name CPRAMขอยกเลิก: 'Drop down list สาเหตุที่หยุด'!$G$2:$G$9
Name Merหรือลูกค้าขอยกเลิก: 'Drop down list สาเหตุที่หยุด'!$F$2:$F$9
Name มีConceptจากMktของCPRAMมาให้แต่เสนอConceptแล้วไม่ผ่าน: 'Drop down list สาเหตุที่หยุด'!$B$2:$B$9
Name มีConceptจากลูกค้ามาให้แต่เสนอConceptแล้วไม่ผ่าน: 'Drop down list สาเหตุที่หยุด'!$C$2:$C$9
Name ไม่ผ่านในขั้นตอนScreenTest: 'Drop down list สาเหตุที่หยุด'!$E$2:$E$9
Name ไม่มีConceptแต่เสนอสินค้าแล้วไม่ผ่าน: 'Drop down list สาเหตุที่หยุด'!$D$2:$D$9
Name อื่นๆ: 'Drop down list สาเหตุที่หยุด'!$H$2:$H$9

Sheet Dashboard
A1: Dashboard - สรุปภาพรวม RTE 2026
A3: Total Plan New | B3: =SUM('%success ทุกเดือน'!D4:D1000)
A4: Total Sold New | B4: =SUM('%success ทุกเดือน'!F4:F1000)
A5: % Success New (Overall) | B5: =IFERROR(B4/B3,"")
A6: Total Stop Planned | B6: =SUM('%success ทุกเดือน'!H4:H1000)
A7: Total Stop Unplanned | B7: =SUM('%success ทุกเดือน'!I4:I1000)
A9: Month | B9: Plan New | C9: Sold New | D9: % Success
A10: Jan | B10: =SUMIFS('%success ทุกเดือน'!$D:$D,'%success ทุกเดือน'!$C:$C,"Jan") | C10: =SUMIFS('%success ทุกเดือน'!$F:$F,'%success ทุกเดือน'!$C:$C,"Jan") | D10: =IFERROR(C10/B10,"")
A11: Feb | B11: =SUMIFS('%success ทุกเดือน'!$D:$D,'%success ทุกเดือน'!$C:$C,"Feb") | C11: =SUMIFS('%success ทุกเดือน'!$F:$F,'%success ทุกเดือน'!$C:$C,"Feb") | D11: =IFERROR(C11/B11,"")
A12: Mar | B12: =SUMIFS('%success ทุกเดือน'!$D:$D,'%success ทุกเดือน'!$C:$C,"Mar") | C12: =SUMIFS('%success ทุกเดือน'!$F:$F,'%success ทุกเดือน'!$C:$C,"Mar") | D12: =IFERROR(C12/B12,"")
A13: Apr | B13: =SUMIFS('%success ทุกเดือน'!$D:$D,'%success ทุกเดือน'!$C:$C,"Apr") | C13: =SUMIFS('%success ทุกเดือน'!$F:$F,'%success ทุกเดือน'!$C:$C,"Apr") | D13: =IFERROR(C13/B13,"")
A14: May | B14: =SUMIFS('%success ทุกเดือน'!$D:$D,'%success ทุกเดือน'!$C:$C,"May") | C14: =SUMIFS('%success ทุกเดือน'!$F:$F,'%success ทุกเดือน'!$C:$C,"May") | D14: =IFERROR(C14/B14,"")
A15: Jun | B15: =SUMIFS('%success ทุกเดือน'!$D:$D,'%success ทุกเดือน'!$C:$C,"Jun") | C15: =SUMIFS('%success ทุกเดือน'!$F:$F,'%success ทุกเดือน'!$C:$C,"Jun") | D15: =IFERROR(C15/B15,"")
A16: Jul | B16: =SUMIFS('%success ทุกเดือน'!$D:$D,'%success ทุกเดือน'!$C:$C,"Jul") | C16: =SUMIFS('%success ทุกเดือน'!$F:$F,'%success ทุกเดือน'!$C:$C,"Jul") | D16: =IFERROR(C16/B16,"")
A17: Aug | B17: =SUMIFS('%success ทุกเดือน'!$D:$D,'%success ทุกเดือน'!$C:$C,"Aug") | C17: =SUMIFS('%success ทุกเดือน'!$F:$F,'%success ทุกเดือน'!$C:$C,"Aug") | D17: =IFERROR(C17/B17,"")
A18: Sep | B18: =SUMIFS('%success ทุกเดือน'!$D:$D,'%success ทุกเดือน'!$C:$C,"Sep") | C18: =SUMIFS('%success ทุกเดือน'!$F:$F,'%success ทุกเดือน'!$C:$C,"Sep") | D18: =IFERROR(C18/B18,"")
A19: Oct | B19: =SUMIFS('%success ทุกเดือน'!$D:$D,'%success ทุกเดือน'!$C:$C,"Oct") | C19: =SUMIFS('%success ทุกเดือน'!$F:$F,'%success ทุกเดือน'!$C:$C,"Oct") | D19: =IFERROR(C19/B19,"")
A20: Nov | B20: =SUMIFS('%success ทุกเดือน'!$D:$D,'%success ทุกเดือน'!$C:$C,"Nov") | C20: =SUMIFS('%success ทุกเดือน'!$F:$F,'%success ทุกเดือน'!$C:$C,"Nov") | D20: =IFERROR(C20/B20,"")
A21: Dec | B21: =SUMIFS('%success ทุกเดือน'!$D:$D,'%success ทุกเดือน'!$C:$C,"Dec") | C21: =SUMIFS('%success ทุกเดือน'!$F:$F,'%success ทุกเดือน'!$C:$C,"Dec") | D21: =IFERROR(C21/B21,"")
A23: ฟอร์มเพิ่มรายการสินค้าใหม่
A24: กลุ่มสินค้า
A25: ตลาด
A26: ส่งออกและ non7 ให้ใส่ชื่อลูกค้าด้วย
A27: ชื่อสินค้า
A28: ตาม/นอกแผน
A29: เดือนที่หยุดพัฒนา
A30: สาเหตุ
A31: เนื่องจาก

Sheet สำหรับพี่กรณ์
A1: Performance Jan-Aug 2023
B3: PMA | C3: Group | D3: ขายได้ | E3: % | F3: หยุดพัฒนา | G3: % | H3: พัฒนาทั้งหมด
A4: พี่ผึ้ง | B4: PMA02 | C4: FULLY FRIED | D4: 1 | E4: =D4/H4% | F4: 1 | G4: =F4/H4% | H4: =D4+F4
B5: PMA08 | C5: BURGER Stk Rice | D5: 9 | E5: =(D5+D6)/H5% | F5: 0 | G5: =F5/H5% | H5: =D5+F5+D6
C6: BURGER | D6: 3
B7: PMA22 ข้าวเหนียว | C7: Steak | D7: 1 | E7: =(D7+D8)/H7% | F7: 0 | G7: =F7/H7% | H7: =D7+D8+F7
C8: Sticky Rice | D8: 1
B9: PMA20 เกี๊ยว | C9: Dumpling | D9: 1 | E9: =D9/H9% | F9: 0 | G9: =F9/H9% | H9: =D9+F9
A10: Total | D10: =SUM(D4:D9) | E10: =D10/H10% | F10: =SUM(F4:F9) | G10: =F10/H10% | H10: =SUM(H4:H9)
A11: พี่หญิงสุ | B11: PMA24 | C11: MINIPAO | D11: 3 | E11: =(D11+D12+D13+D14+D15+D16)/H11% | F11: 11 | G11: =F11/H11% | H11: =D11+D12+D13+D14+D15+D16+F11
C12: PAOPAO | D12: 6
C13: SALAPAO | D13: 6
C14: BIGPAO | D14: 1
C15: SHUMAI(stk) | D15: 3
C16: SHUMAI(chill) | D16: 4
A17: Total | D17: =SUM(D11:D16) | E17: =D17/H17% | F17: =SUM(F11:F16) | G17: =F17/H17% | H17: =SUM(H11:H16)
A18: พี่แพท | B18: PMA16 | C18: สลัด | D18: 1 | E18: =D18/H18% | F18: 0 | G18: =F18/H18% | H18: =D18+F18
A19: Total | D19: =SUM(D18) | E19: =D19/H19% | F19: =SUM(F18) | G19: =F19/H19% | H19: =SUM(H18)
A20: หมิว | B20: PMA19 ข้าวปั้น | C20: ข้าวปั้น | D20: 1 | E20: =D20/H20% | F20: 1 | G20: =F20/H20% | H20: =D20+F20
A21: Total | D21: =SUM(D20) | E21: =D21/H21% | F21: =SUM(F20) | G21: =F21/H21% | H21: =SUM(H20)
A22: พี่อ้อมใจ | B22: PMA19 Chilled | C22: กลุ่มเส้น | D22: 6 | E22: =(D22+D23+D24+D25+D26+D27)/H22% | F22: 0 | G22: =F22/H22% | H22: =D22+D23+D24+D25+D26+D27+F22
C23: กับข้าว | D23: 6
C24: ข้าว-กับข้าว | D24: 8
C25: ข้าวผัด | D25: 5
C26: โจ๊ก | D26: 2
C27: กลุ่มยำ | D27: 2
A28: Total | D28: =SUM(D22:D27) | E28: =D28/H28% | F28: =SUM(F22) | G28: =F28/H28% | H28: =SUM(H22:H27)
A29: พี่อ๊อก&พี่หยิม | B29: PMA19 โครงการพิเศษ | D29: 0 | E29: =D29/H29% | F29: 6 | G29: =F29/H29% | H29: =D29+F29
B30: PMA22 โครงการพิเศษ | C30: ข้าว-กับข้าว | D30: 1 | E30: =D30/H30% | F30: 0 | G30: =F30/H30% | H30: =D30+F30
B31: PMA06 โครงการพิเศษ | C31: RM | D31: 1 | E31: =(D31+D32)/H31% | F31: 4 | G31: =F31/H31% | H31: =D31+D32+F31
C32: Ready Meal | D32: 1
B33: non 7-11 โครงการพิเศษ | C33: กับข้าว | D33: 6 | E33: =D33/H33% | F33: 3 | G33: =F33/H33% | H33: =D33+D34+D35+F33
C34: ข้าว-กับข้าว | D34: 2
C35: กลุ่มเส้น | D35: 1
A36: Total | D36: =SUM(D29:D35) | E36: =D36/H36% | F36: =SUM(F28:F35) | G36: =F36/H36% | H36: =SUM(H29:H35)
A37: พี่ส้ม | B37: PMA20 ข้าวFrozen | C37: ข้าว-กับข้าว | D37: 4 | E37: =(D37+D38+D39+D40+D41+D42)/H37% | F37: 29 | G37: =F37/H37% | H37: =D37+D38+D39+D40+D41+D42+F37
C38: ซุป | D38: 4
C39: เส้น | D39: 3
C40: กับข้าว | D40: 1
C41: ข้าว | D41: 1
C42: ข้าวผัด | D42: 4
B43: ส่งออก ทีมข้าวFrozen | D43: 0 | E43: =D43/H43% | F43: 3 | G43: =F43/H43% | H43: =D43+F43
A44: Total | D44: =SUM(D37:D43) | E44: =D44/H44% | F44: =SUM(F37:F43) | G44: =F44/H44% | H44: =SUM(H37:H43)
A45: พี่ยุ้ย | B45: PMA20 ทอด | C45: กับข้าว | D45: 1 | E45: =D45/H45% | F45: 0 | G45: =F45/H45% | H45: =D45+F45
B46: Snack ส่งออก | C46: ทอด | D46: 2 | E46: =D46/H46% | F46: 43 | G46: =F46/H46% | H46: =D46+F46
A47: Total | D47: =SUM(D45:D46) | E47: =D47/H47% | F47: =SUM(F45:F46) | G47: =F47/H47% | H47: =SUM(H45:H46)
A48: พี่นิค | B48: ติ่มซำส่งออก | C48: ติ่มซำ | D48: 10 | E48: =D48/H48% | F48: 41 | G48: =F48/H48% | H48: =D48+F48
A49: Total | D49: =SUM(D48:D48) | E49: =D49/H49% | F49: 41 | G49: =F49/H49% | H49: =SUM(H48:H48)
A50: Grand Total | D50: =D10+D17+D19+D21+D28+D36+D44+D47+D49 | E50: =D50/H50% | F50: =F10+F17+F19+F21+F28+F36+F44+F47+F49 | G50: =F50/H50% | H50: =H10+H17+H19+H21+H28+H36+H44+H47+H49

Sheet %success ทุกเดือน ของเก่า
A1: จำนวนสินค้าใหม่ RTE Q1/2023
A2: กลุ่มสินค้า | B2: 44927 | L2: 44958 | V2: 44986 | AF2: Q1/2023
B3: แผนขาย | D3: ขายได้ | F3: หยุดพัฒนา | H3: พัฒนาทั้งหมด | I3: %success | L3: แผนขาย | N3: ขายได้ | P3: หยุดพัฒนา | R3: พัฒนาทั้งหมด | S3: %success | V3: แผนขาย | X3: ขายได้ | Z3: หยุดพัฒนา | AB3: พัฒนาทั้งหมด | AC3: %success
B4: New | C4: Imp | D4: New | E4: Imp | F4: ตามแผน | G4: นอกแผน | I4: New | J4: Imp | K4: รวม | L4: New | M4: Imp | N4: New | O4: Imp | P4: ตามแผน | Q4: นอกแผน | S4: New | T4: Imp | U4: รวม | V4: New | W4: Imp | X4: New | Y4: Imp | Z4: ตามแผน | AA4: นอกแผน | AC4: New | AD4: Imp | AE4: รวม
A5: PMA02 | B5: 0 | C5: 0 | D5: 0 | E5: 0 | H5: =SUM(D5:G5) | I5: 0 | J5: 0 | K5: 0 | L5: 0 | M5: 0 | N5: 0 | O5: 0 | R5: =SUM(N5:Q5) | S5: 0 | T5: 0 | U5: 0 | V5: 0 | W5: 0 | X5: 0 | Y5: 0 | AB5: =SUM(X5:AA5) | AC5: 0 | AD5: 0 | AE5: 0 | AF5: 0
A6: PMA08 | B6: 1 | C6: 0 | D6: 1 | E6: 0 | H6: =SUM(D6:G6) | I6: =D6/B6% | J6: 0 | K6: =(D6+E6)/(B6+C6)% | L6: 0 | M6: 1 | N6: 0 | O6: 1 | R6: =SUM(N6:Q6) | S6: 0 | T6: =O6/M6% | U6: =(N6+O6)/(L6+M6)% | V6: 0 | W6: 0 | X6: 0 | Y6: 0 | AB6: =SUM(X6:AA6) | AC6: 0 | AD6: 0 | AE6: 0 | AF6: =(D6+E6+N6+O6+X6+Y6)/(B6+C6+L6+M6+V6+W6)*100
A7: PMA22 ข้าวเหนียว | B7: 0 | C7: 0 | D7: 0 | E7: 0 | H7: =SUM(D7:G7) | I7: 0 | J7: 0 | K7: 0 | L7: 0 | M7: 0 | N7: 0 | O7: 0 | R7: =SUM(N7:Q7) | S7: 0 | T7: 0 | U7: 0 | V7: 0 | W7: 0 | X7: 0 | Y7: 0 | AB7: =SUM(X7:AA7) | AC7: 0 | AD7: 0 | AE7: 0 | AF7: 0
A8: PMA24 | B8: 2 | C8: 0 | D8: 2 | E8: 0 | G8: 1 | H8: =SUM(D8:G8) | I8: =D8/B8% | J8: 0 | K8: =(D8+E8)/(B8+C8)% | L8: 2 | M8: 1 | N8: 2 | O8: 1 | Q8: 1 | R8: =SUM(N8:Q8) | S8: =N8/L8% | T8: =O8/M8% | U8: =(N8+O8)/(L8+M8)% | V8: 0 | W8: 0 | X8: 0 | Y8: 0 | AB8: =SUM(X8:AA8) | AC8: 0 | AD8: 0 | AE8: 0 | AF8: =(D8+E8+N8+O8+X8+Y8)/(B8+C8+L8+M8+V8+W8)*100
A9: PMA16 | B9: 0 | C9: 0 | D9: 0 | E9: 0 | H9: =SUM(D9:G9) | I9: 0 | J9: 0 | K9: 0 | L9: 1 | M9: 0 | N9: 1 | O9: 0 | R9: =SUM(N9:Q9) | S9: =N9/L9% | T9: 0 | U9: =(N9+O9)/(L9+M9)% | V9: 0 | W9: 0 | X9: 0 | Y9: 0 | AB9: =SUM(X9:AA9) | AC9: 0 | AD9: 0 | AE9: 0 | AF9: =(D9+E9+N9+O9+X9+Y9)/(B9+C9+L9+M9+V9+W9)*100
A10: PMA19 ข้าวปั้น | B10: 0 | C10: 0 | D10: 0 | E10: 0 | H10: =SUM(D10:G10) | I10: 0 | J10: 0 | K10: 0 | L10: 0 | M10: 0 | N10: 0 | O10: 0 | Q10: 1 | R10: =SUM(N10:Q10) | S10: 0 | T10: 0 | U10: 0 | V10: 0 | W10: 0 | X10: 0 | Y10: 0 | AB10: =SUM(X10:AA10) | AC10: 0 | AD10: 0 | AE10: 0 | AF10: 0
A11: PMA19 Chilled | B11: 9 | C11: 0 | D11: 9 | E11: 0 | H11: =SUM(D11:G11) | I11: =D11/B11% | J11: 0 | K11: =(D11+E11)/(B11+C11)% | L11: 2 | M11: 0 | N11: 2 | O11: 0 | R11: =SUM(N11:Q11) | S11: =N11/L11% | T11: 0 | U11: =(N11+O11)/(L11+M11)% | V11: 1 | W11: 0 | X11: 1 | Y11: 0 | AB11: =SUM(X11:AA11) | AC11: =X11/V11% | AD11: 0 | AE11: =(X11+Y11)/(V11+W11)% | AF11: =(D11+E11+N11+O11+X11+Y11)/(B11+C11+L11+M11+V11+W11)*100
A12: PMA19 โครงการพิเศษ | B12: 0 | C12: 0 | D12: 0 | E12: 0 | G12: 6 | H12: =SUM(D12:G12) | I12: 0 | J12: 0 | K12: 0 | L12: 0 | M12: 0 | N12: 0 | O12: 0 | R12: =SUM(N12:Q12) | S12: 0 | T12: 0 | U12: 0 | V12: 0 | W12: 0 | X12: 0 | Y12: 0 | AB12: =SUM(X12:AA12) | AC12: 0 | AD12: 0 | AE12: 0 | AF12: 0
A13: PMA22 ข้าว Chilled | B13: 0 | C13: 0 | D13: 0 | E13: 0 | H13: =SUM(D13:G13) | I13: 0 | J13: 0 | K13: 0 | L13: 0 | M13: 0 | N13: 0 | O13: 0 | R13: =SUM(N13:Q13) | S13: 0 | T13: 0 | U13: 0 | V13: 0 | W13: 0 | X13: 0 | Y13: 0 | AB13: =SUM(X13:AA13) | AC13: 0 | AD13: 0 | AE13: 0 | AF13: 0
A14: PMA22 โครงการพิเศษ | B14: 0 | C14: 0 | D14: 0 | E14: 0 | H14: =SUM(D14:G14) | I14: 0 | J14: 0 | K14: 0 | L14: 0 | M14: 0 | N14: 0 | O14: 0 | R14: =SUM(N14:Q14) | S14: 0 | T14: 0 | U14: 0 | V14: 0 | W14: 0 | X14: 0 | Y14: 0 | AB14: =SUM(X14:AA14) | AC14: 0 | AD14: 0 | AE14: 0 | AF14: 0
A15: PMA20 ข้าวFrozen | B15: 0 | C15: 0 | D15: 0 | E15: 0 | G15: 1 | H15: =SUM(D15:G15) | I15: 0 | J15: 0 | K15: 0 | L15: 2 | M15: 0 | N15: 2 | O15: 0 | Q15: 1 | R15: =SUM(N15:Q15) | S15: =N15/L15% | T15: 0 | U15: =(N15+O15)/(L15+M15)% | V15: 2 | W15: 3 | X15: 2 | Y15: 3 | AA15: 3 | AB15: =SUM(X15:AA15) | AC15: =X15/V15% | AD15: =Y15/W15% | AE15: =(X15+Y15)/(V15+W15)% | AF15: =(D15+E15+N15+O15+X15+Y15)/(B15+C15+L15+M15+V15+W15)*100
A16: PMA20 ทอด | B16: 0 | C16: 0 | D16: 0 | E16: 0 | H16: =SUM(D16:G16) | I16: 0 | J16: 0 | K16: 0 | L16: 0 | M16: 0 | N16: 0 | O16: 0 | R16: =SUM(N16:Q16) | S16: 0 | T16: 0 | U16: 0 | V16: 0 | W16: 0 | X16: 0 | Y16: 0 | AB16: =SUM(X16:AA16) | AC16: 0 | AD16: 0 | AE16: 0 | AF16: 0
A17: PMA06 ทอด | B17: 0 | C17: 0 | D17: 0 | E17: 0 | H17: =SUM(D17:G17) | I17: 0 | J17: 0 | K17: 0 | L17: 0 | M17: 0 | N17: 0 | O17: 0 | R17: =SUM(N17:Q17) | S17: 0 | T17: 0 | U17: 0 | V17: 0 | W17: 0 | X17: 0 | Y17: 0 | AB17: =SUM(X17:AA17) | AC17: 0 | AD17: 0 | AE17: 0 | AF17: 0
A18: PMA06 โครงการพิเศษ | B18: 0 | C18: 0 | D18: 0 | E18: 0 | G18: 2 | H18: =SUM(D18:G18) | I18: 0 | J18: 0 | K18: 0 | L18: 1 | M18: 0 | N18: 1 | O18: 0 | R18: =SUM(N18:Q18) | S18: =N18/L18% | T18: 0 | U18: =(N18+O18)/(L18+M18)% | V18: 0 | W18: 0 | X18: 0 | Y18: 0 | AB18: =SUM(X18:AA18) | AC18: 0 | AD18: 0 | AE18: 0 | AF18: =(D18+E18+N18+O18+X18+Y18)/(B18+C18+L18+M18+V18+W18)*100
A19: PMA76 โครงการพิเศษ | B19: 0 | C19: 0 | D19: 0 | E19: 0 | H19: =SUM(D19:Q19) | I19: 0 | J19: 0 | K19: 0 | L19: 0 | M19: 0 | N19: 0 | O19: 0 | R19: =SUM(N19:Q19) | S19: 0 | T19: 0 | U19: 0 | V19: 0 | W19: 0 | X19: 0 | Y19: 0 | AB19: =SUM(X19:AA19) | AC19: 0 | AD19: 0 | AE19: 0 | AF19: 0
A20: non 7-11 โครงการพิเศษ | B20: 0 | C20: 0 | D20: 0 | E20: 0 | G20: 2 | H20: =SUM(D20:G20) | I20: 0 | J20: 0 | K20: 0 | L20: 0 | M20: 0 | N20: 0 | O20: 0 | R20: =SUM(N20:Q20) | S20: 0 | T20: 0 | U20: 0 | V20: 0 | W20: 0 | X20: 0 | Y20: 0 | AB20: =SUM(X20:AA20) | AC20: 0 | AD20: 0 | AE20: 0 | AF20: 0
A21: ติ่มซำ non-7 ในประเทศ | B21: 0 | C21: 0 | D21: 0 | E21: 0 | H21: =SUM(D21:G21) | I21: 0 | J21: 0 | K21: 0 | L21: 0 | M21: 0 | N21: 0 | O21: 0 | R21: =SUM(N21:Q21) | S21: 0 | T21: 0 | U21: 0 | V21: 0 | W21: 0 | X21: 0 | Y21: 0 | AB21: =SUM(X21:AA21) | AC21: 0 | AD21: 0 | AE21: 0 | AF21: 0
A22: ส่งออก โครงการพิเศษ | B22: 0 | C22: 0 | D22: 0 | E22: 0 | H22: =SUM(D22:G22) | I22: 0 | J22: 0 | K22: 0 | L22: 0 | M22: 0 | N22: 0 | O22: 0 | R22: =SUM(N22:Q22) | S22: 0 | T22: 0 | U22: 0 | V22: 0 | W22: 0 | X22: 0 | Y22: 0 | AB22: =SUM(X22:AA22) | AC22: 0 | AD22: 0 | AE22: 0 | AF22: 0
A23: ส่่งออก ทีมข้าวFrozen | B23: 0 | C23: 0 | D23: 0 | E23: 0 | H23: =SUM(D23:G23) | I23: 0 | J23: 0 | K23: 0 | L23: 0 | M23: 0 | N23: 0 | O23: 0 | R23: =SUM(N23:Q23) | S23: 0 | T23: 0 | U23: 0 | V23: 0 | W23: 0 | X23: 0 | Y23: 0 | AB23: =SUM(X23:AA23) | AC23: 0 | AD23: 0 | AE23: 0 | AF23: 0
A24: ติ่มซำส่งออก | B24: 2 | C24: 0 | D24: 2 | E24: 0 | H24: =SUM(D24:G24) | I24: =D24/B24% | J24: 0 | K24: =(D24+E24)/(B24+C24)% | L24: 0 | M24: 0 | N24: 0 | O24: 0 | R24: =SUM(N24:Q24) | S24: 0 | T24: 0 | U24: 0 | V24: 1 | W24: 0 | X24: 1 | Y24: 0 | AA24: 25 | AB24: =SUM(X24:AA24) | AC24: =X24/V24% | AD24: 0 | AE24: =(X24+Y24)/(V24+W24)% | AF24: =(D24+E24+N24+O24+X24+Y24)/(B24+C24+L24+M24+V24+W24)*100
A25: Snack ส่งออก | B25: 2 | C25: 0 | D25: 2 | E25: 0 | H25: =SUM(D25:G25) | I25: =D25/B25% | J25: 0 | K25: =(D25+E25)/(B25+C25)% | L25: 0 | M25: 0 | N25: 0 | O25: 0 | Q25: 10 | R25: =SUM(N25:Q25) | S25: 0 | T25: 0 | U25: 0 | V25: 0 | W25: 0 | X25: 0 | Y25: 0 | AA25: 7 | AB25: =SUM(X25:AA25) | AC25: 0 | AD25: 0 | AE25: 0 | AF25: =(D25+E25+N25+O25+X25+Y25)/(B25+C25+L25+M25+V25+W25)*100
A26: Total | B26: =SUM(B5:B25) | C26: =SUM(C5:C25) | D26: =SUM(D5:D25) | E26: =SUM(E5:E25) | F26: =SUM(F5:F25) | G26: =SUM(G5:G25) | H26: =SUM(H5:H25) | I26: =D26/B26% | J26: 0 | K26: =(D26+E26)/(B26+C26)% | L26: =SUM(L5:L25) | M26: =SUM(M5:M25) | N26: =SUM(N5:N25) | O26: =SUM(O5:O25) | P26: =SUM(P5:P25) | Q26: =SUM(Q5:Q25) | R26: =SUM(R5:R25) | S26: =N26/L26% | T26: =O26/M26% | U26: =(N26+O26)/(L26+M26)% | V26: =SUM(V5:V25) | W26: =SUM(W5:W25) | X26: =SUM(X5:X25) | Y26: =SUM(Y5:Y25) | Z26: =SUM(Z5:Z25) | AA26: =SUM(AA5:AA25) | AB26: =SUM(AB5:AB25) | AC26: =X26/V26% | AD26: =Y26/W26% | AE26: =(X26+Y26)/(V26+W26)% | AF26: =((D26+E26+N26+ O26+X26+Y26))/((B26+C26+L26+M26+V26+W26))*100
A27: จำนวนสินค้าใหม่ RTE Q2/2023
A28: กลุ่มสินค้า | B28: 45017 | L28: 45047 | V28: 45078 | AF28: Q2/2023 | AG28: Q2 สะสม 2023
B29: แผนขาย | D29: ขายได้ | F29: หยุดพัฒนา | H29: พัฒนาทั้งหมด | I29: %success | L29: แผนขาย | N29: ขายได้ | P29: หยุดพัฒนา | R29: พัฒนาทั้งหมด | S29: %success | V29: แผนขาย | X29: ขายได้ | Z29: หยุดพัฒนา | AB29: พัฒนาทั้งหมด | AC29: %success
B30: New | C30: Imp | D30: New | E30: Imp | F30: ตามแผน | G30: นอกแผน | I30: New | J30: Imp | K30: รวม | L30: New | M30: Imp | N30: New | O30: Imp | P30: ตามแผน | Q30: นอกแผน | S30: New | T30: Imp | U30: รวม | V30: New | W30: Imp | X30: New | Y30: Imp | Z30: ตามแผน | AA30: นอกแผน | AC30: New | AD30: Imp | AE30: รวม
A31: PMA02 | B31: 1 | C31: 0 | D31: 1 | E31: 0 | H31: =SUM(D31:G31) | I31: =D31/B31% | J31: 0 | K31: =(D31+E31)/(B31+C31)% | L31: 0 | M31: 0 | N31: 0 | O31: 0 | R31: =SUM(N31:Q31) | S31: 0 | T31: 0 | U31: 0 | V31: 0 | W31: 0 | X31: 0 | Y31: 0 | AA31: 1 | AB31: =SUM(X31:AA31) | AC31: 0 | AD31: 0 | AE31: 0 | AF31: =(D31+E31+N31+O31+X31+Y31)/(B31+C31+L31+M31+V31+W31)*100 | AG31: =(D5+E5+N5+O5+X5+Y5+D31+E31+N31+O31+X31+Y31)/(B5+C5+L5+M5+V5+W5+B31+C31+L31+M31+V31+W31)*100
A32: PMA08 | B32: 2 | C32: 3 | D32: 2 | E32: 3 | H32: =SUM(D32:G32) | I32: =D32/B32% | J32: =E32/C32% | K32: =(D32+E32)/(B32+C32)% | L32: 0 | M32: 1 | N32: 0 | O32: 1 | R32: =SUM(N32:Q32) | S32: 0 | T32: =O32/M32% | U32: =(N32+O32)/(L32+M32)% | V32: 0 | W32: 1 | X32: 0 | Y32: 1 | AB32: =SUM(X32:AA32) | AC32: 0 | AD32: =Y32/W32% | AE32: =(X32+Y32)/(V32+W32)% | AF32: =(D32+E32+N32+O32+X32+Y32)/(B32+C32+L32+M32+V32+W32)*100 | AG32: =(D6+E6+N6+O6+X6+Y6+D32+E32+N32+O32+X32+Y32)/(B6+C6+L6+M6+V6+W6+B32+C32+L32+M32+V32+W32)*100
A33: PMA22 ข้าวเหนียว | B33: 0 | C33: 0 | D33: 0 | E33: 0 | H33: =SUM(D33:G33) | I33: 0 | J33: 0 | K33: 0 | L33: 1 | M33: 0 | N33: 1 | O33: 0 | R33: =SUM(N33:Q33) | S33: =N33/L33% | T33: 0 | U33: =(N33+O33)/(L33+M33)% | V33: 0 | W33: 0 | X33: 0 | Y33: 0 | AB33: =SUM(X33:AA33) | AC33: 0 | AD33: 0 | AE33: 0 | AF33: =(D33+E33+N33+O33+X33+Y33)/(B33+C33+L33+M33+V33+W33)*100 | AG33: =(D7+E7+N7+O7+X7+Y7+D33+E33+N33+O33+X33+Y33)/(B7+C7+L7+M7+V7+W7+B33+C33+L33+M33+V33+W33)*100
A34: PMA24 | B34: 2 | C34: 0 | D34: 2 | E34: 0 | G34: 3 | H34: =SUM(D34:G34) | I34: =D34/B34% | J34: 0 | K34: =(D34+E34)/(B34+C34)% | L34: 3 | M34: 1 | N34: 3 | O34: 1 | R34: =SUM(N34:Q34) | S34: =N34/L34% | T34: =O34/M34% | U34: =(N34+O34)/(L34+M34)% | V34: 2 | W34: 0 | X34: 2 | Y34: 0 | AB34: 2 | AC34: =X34/V34% | AD34: 0 | AE34: =(X34+Y34)/(V34+W34)% | AF34: =(D34+E34+N34+O34+X34+Y34)/(B34+C34+L34+M34+V34+W34)*100 | AG34: =(D8+E8+N8+O8+X8+Y8+D34+E34+N34+O34+X34+Y34)/(B8+C8+L8+M8+V8+W8+B34+C34+L34+M34+V34+W34)*100
A35: PMA16 | B35: 0 | C35: 0 | D35: 0 | E35: 0 | H35: =SUM(D35:G35) | I35: 0 | J35: 0 | K35: 0 | L35: 0 | M35: 0 | N35: 0 | O35: 0 | R35: =SUM(N35:Q35) | S35: 0 | T35: 0 | U35: 0 | V35: 0 | W35: 0 | X35: 0 | Y35: 0 | AB35: =SUM(X35:AA35) | AC35: 0 | AD35: 0 | AE35: 0 | AF35: 0 | AG35: =(D9+E9+N9+O9+X9+Y9+D35+E35+N35+O35+X35+Y35)/(B9+C9+L9+M9+V9+W9+B35+C35+L35+M35+V35+W35)*100
A36: PMA19 ข้าวปั้น | B36: 1 | C36: 0 | D36: 1 | E36: 0 | H36: =SUM(D36:G36) | I36: =D36/B36% | J36: 0 | K36: =(D36+E36)/(B36+C36)% | L36: 0 | M36: 0 | N36: 0 | O36: 0 | R36: 0 | S36: 0 | T36: 0 | U36: 0 | V36: 0 | W36: 0 | X36: 0 | Y36: 0 | AB36: =SUM(X36:AA36) | AC36: 0 | AD36: 0 | AE36: 0 | AF36: =(D36+E36+N36+O36+X36+Y36)/(B36+C36+L36+M36+V36+W36)*100 | AG36: =(D10+E10+N10+O10+X10+Y10+D36+E36+N36+O36+X36+Y36)/(B10+C10+L10+M10+V10+W10+B36+C36+L36+M36+V36+W36)*100
A37: PMA19 Chilled | B37: 2 | C37: 0 | D37: 2 | E37: 0 | H37: =SUM(D37:G37) | I37: =D37/B37% | J37: 0 | K37: =(D37+E37)/(B37+C37)% | L37: 2 | M37: 1 | N37: 2 | O37: 1 | R37: =SUM(N37:Q37) | S37: =N37/L37% | T37: =O37/M37% | U37: =(N37+O37)/(L37+M37)% | V37: 0 | W37: 3 | X37: 0 | Y37: 3 | AB37: =SUM(X37:AA37) | AC37: 0 | AD37: =Y37/W37% | AE37: =(X37+Y37)/(V37+W37)% | AF37: =(D37+E37+N37+O37+X37+Y37)/(B37+C37+L37+M37+V37+W37)*100 | AG37: =(D11+E11+N11+O11+X11+Y11+D37+E37+N37+O37+X37+Y37)/(B11+C11+L11+M11+V11+W11+B37+C37+L37+M37+V37+W37)*100
A38: PMA19 โครงการพิเศษ | B38: 0 | C38: 0 | D38: 0 | E38: 0 | H38: =SUM(D38:G38) | I38: 0 | J38: 0 | K38: 0 | L38: 0 | M38: 0 | N38: 0 | O38: 0 | R38: =SUM(N38:Q38) | S38: 0 | T38: 0 | U38: 0 | V38: 0 | W38: 0 | X38: 0 | Y38: 0 | AB38: =SUM(X38:AA38) | AC38: 0 | AD38: 0 | AE38: 0 | AF38: 0 | AG38: 0
A39: PMA22 ข้าว Chilled | B39: 0 | C39: 0 | D39: 0 | E39: 0 | H39: =SUM(D39:G39) | I39: 0 | J39: 0 | K39: 0 | L39: 0 | M39: 0 | N39: 0 | O39: 0 | R39: =SUM(N39:Q39) | S39: 0 | T39: 0 | U39: 0 | V39: 0 | W39: 0 | X39: 0 | Y39: 0 | AB39: =SUM(X39:AA39) | AC39: 0 | AD39: 0 | AE39: 0 | AF39: 0 | AG39: 0
A40: PMA22 โครงการพิเศษ | B40: 1 | C40: 0 | D40: 1 | E40: 0 | H40: =SUM(D40:G40) | I40: =D40/B40% | J40: 0 | K40: =(D40+E40)/(B40+C40)% | L40: 0 | M40: 0 | N40: 0 | O40: 0 | R40: =SUM(N40:Q40) | S40: 0 | T40: 0 | U40: 0 | V40: 0 | W40: 0 | X40: 0 | Y40: 0 | AB40: =SUM(X40:AA40) | AC40: 0 | AD40: 0 | AE40: 0 | AF40: =(D40+E40+N40+O40+X40+Y40)/(B40+C40+L40+M40+V40+W40)*100 | AG40: =(D14+E14+N14+O14+X14+Y14+D40+E40+N40+O40+X40+Y40)/(B14+C14+L14+M14+V14+W14+B40+C40+L40+M40+V40+W40)*100
A41: PMA20 ข้าวFrozen | B41: 4 | C41: 0 | D41: 4 | E41: 0 | G41: 4 | H41: =SUM(D41:G41) | I41: =D41/B41% | J41: 0 | K41: =(D41+E41)/(B41+C41)% | L41: 1 | M41: 0 | N41: 1 | O41: 0 | Q41: 6 | R41: =SUM(N41:Q41) | S41: =N41/L41% | T41: 0 | U41: =(N41+O41)/(L41+M41)% | V41: 1 | W41: 0 | X41: 1 | Y41: 0 | AA41: 1 | AB41: =SUM(X41:AA41) | AC41: =X41/V41% | AD41: 0 | AE41: =(X41+Y41)/(V41+W41)% | AF41: =(D41+E41+N41+O41+X41+Y41)/(B41+C41+L41+M41+V41+W41)*100 | AG41: =(D15+E15+N15+O15+X15+Y15+D41+E41+N41+O41+X41+Y41)/(B15+C15+L15+M15+V15+W15+B41+C41+L41+M41+V41+W41)*100
A42: PMA20 ทอด | B42: 0 | C42: 0 | D42: 0 | E42: 0 | H42: =SUM(D42:G42) | I42: 0 | J42: 0 | K42: 0 | L42: 0 | M42: 0 | N42: 0 | O42: 0 | R42: =SUM(N42:Q42) | S42: 0 | T42: 0 | U42: 0 | V42: 0 | W42: 1 | X42: 0 | Y42: 1 | AB42: =SUM(X42:AA42) | AC42: 0 | AD42: =Y42/W42% | AE42: =(X42+Y42)/(V42+W42)% | AF42: =(D42+E42+N42+O42+X42+Y42)/(B42+C42+L42+M42+V42+W42)*100 | AG42: =(D16+E16+N16+O16+X16+Y16+D42+E42+N42+O42+X42+Y42)/(B16+C16+L16+M16+V16+W16+B42+C42+L42+M42+V42+W42)*100
A43: PMA06 ทอด | B43: 0 | C43: 0 | D43: 0 | E43: 0 | H43: =SUM(D43:G43) | I43: 0 | J43: 0 | K43: 0 | L43: 0 | M43: 0 | N43: 0 | O43: 0 | R43: =SUM(N43:Q43) | S43: 0 | T43: 0 | U43: 0 | V43: 0 | W43: 0 | X43: 0 | Y43: 0 | AB43: =SUM(X43:AA43) | AC43: 0 | AD43: 0 | AE43: 0 | AF43: 0 | AG43: 0
A44: PMA06 โครงการพิเศษ | B44: 0 | C44: 0 | D44: 0 | E44: 0 | H44: =SUM(D44:G44) | I44: 0 | J44: 0 | K44: 0 | L44: 0 | M44: 0 | N44: 0 | O44: 0 | Q44: 1 | R44: =SUM(N44:Q44) | S44: 0 | T44: 0 | U44: 0 | V44: 1 | W44: 0 | X44: 1 | Y44: 0 | AB44: =SUM(X44:AA44) | AC44: =X44/V44% | AD44: 0 | AE44: =(X44+Y44)/(V44+W44)% | AF44: =(D44+E44+N44+O44+X44+Y44)/(B44+C44+L44+M44+V44+W44)*100 | AG44: =(D18+E18+N18+O18+X18+Y18+D44+E44+N44+O44+X44+Y44)/(B18+C18+L18+M18+V18+W18+B44+C44+L44+M44+V44+W44)*100
A45: PMA76 โครงการพิเศษ | B45: 0 | C45: 0 | D45: 0 | E45: 0 | H45: =SUM(D45:G45) | I45: 0 | J45: 0 | K45: 0 | L45: 0 | M45: 0 | N45: 0 | O45: 0 | R45: =SUM(N45:Q45) | S45: 0 | T45: 0 | U45: 0 | V45: 0 | W45: 0 | X45: 0 | Y45: 0 | AB45: =SUM(X45:AA45) | AC45: 0 | AD45: 0 | AE45: 0 | AF45: 0 | AG45: 0
A46: non 7-11 โครงการพิเศษ | B46: 6 | C46: 0 | D46: 6 | E46: 0 | H46: =SUM(D46:G46) | I46: =D46/B46% | J46: 0 | K46: =(D46+E46)/(B46+C46)% | L46: 0 | M46: 0 | N46: 0 | O46: 0 | R46: =SUM(N46:Q46) | S46: 0 | T46: 0 | U46: 0 | V46: 0 | W46: 0 | X46: 0 | Y46: 0 | AA46: 1 | AB46: =SUM(X46:AA46) | AC46: 0 | AD46: 0 | AE46: 0 | AF46: =(D46+E46+N46+O46+X46+Y46)/(B46+C46+L46+M46+V46+W46)*100 | AG46: =(D20+E20+N20+O20+X20+Y20+D46+E46+N46+O46+X46+Y46)/(B20+C20+L20+M20+V20+W20+B46+C46+L46+M46+V46+W46)*100
A47: ติ่มซำ non-7 ในประเทศ | B47: 0 | C47: 0 | D47: 0 | E47: 0 | H47: =SUM(D47:G47) | I47: 0 | J47: 0 | K47: 0 | L47: 0 | M47: 0 | N47: 0 | O47: 0 | R47: =SUM(N47:Q47) | S47: 0 | T47: 0 | U47: 0 | V47: 0 | W47: 0 | X47: 0 | Y47: 0 | AB47: =SUM(X47:AA47) | AC47: 0 | AD47: 0 | AE47: 0 | AF47: 0 | AG47: 0
A48: ส่งออก โครงการพิเศษ | B48: 0 | C48: 0 | D48: 0 | E48: 0 | H48: =SUM(D48:G48) | I48: 0 | J48: 0 | K48: 0 | L48: 0 | M48: 0 | N48: 0 | O48: 0 | R48: =SUM(N48:Q48) | S48: 0 | T48: 0 | U48: 0 | V48: 0 | W48: 0 | X48: 0 | Y48: 0 | AB48: =SUM(X48:AA48) | AC48: 0 | AD48: 0 | AE48: 0 | AF48: 0 | AG48: 0
A49: ส่่งออก ทีมข้าวFrozen | B49: 0 | C49: 0 | D49: 0 | E49: 0 | H49: =SUM(D49:G49) | I49: 0 | J49: 0 | K49: 0 | L49: 0 | M49: 0 | N49: 0 | O49: 0 | R49: =SUM(N49:Q49) | S49: 0 | T49: 0 | U49: 0 | V49: 0 | W49: 0 | X49: 0 | Y49: 0 | AB49: =SUM(X49:AA49) | AC49: 0 | AD49: 0 | AE49: 0 | AF49: 0 | AG49: 0
A50: ติ่มซำส่งออก | B50: 0 | C50: 0 | D50: 0 | E50: 0 | G50: 6 | H50: =SUM(D50:G50) | I50: 0 | J50: 0 | K50: 0 | L50: 2 | M50: 0 | N50: 2 | O50: 0 | R50: =SUM(N50:Q50) | S50: =N50/L50% | T50: 0 | U50: =(N50+O50)/(L50+M50)% | V50: 3 | W50: 0 | X50: 3 | Y50: 0 | AA50: 7 | AB50: =SUM(X50:AA50) | AC50: =X50/V50% | AD50: 0 | AE50: =(X50+Y50)/(V50+W50)% | AF50: =(D50+E50+N50+O50+X50+Y50)/(B50+C50+L50+M50+V50+W50)*100 | AG50: =(D24+E24+N24+O24+X24+Y24+D50+E50+N50+O50+X50+Y50)/(B24+C24+L24+M24+V24+W24+B50+C50+L50+M50+V50+W50)*100
A51: Snack ส่งออก | B51: 0 | C51: 0 | D51: 0 | E51: 0 | G51: 6 | H51: =SUM(D51:G51) | I51: 0 | J51: 0 | K51: 0 | L51: 0 | M51: 0 | N51: 0 | O51: 0 | Q51: 9 | R51: =SUM(N51:Q51) | S51: 0 | T51: 0 | U51: 0 | V51: 0 | W51: 0 | X51: 0 | Y51: 0 | AA51: 9 | AB51: =SUM(X51:AA51) | AC51: 0 | AD51: 0 | AE51: 0 | AF51: 0 | AG51: =(D25+E25+N25+O25+X25+Y25+D51+E51+N51+O51+X51+Y51)/(B25+C25+L25+M25+V25+W25+B51+C51+L51+M51+V51+W51)*100
A52: Total | B52: =SUM(B31:B51) | C52: =SUM(C31:C51) | D52: =SUM(D31:D51) | E52: =SUM(E31:E51) | F52: =SUM(F31:F51) | G52: =SUM(G31:G51) | H52: =SUM(H31:H51) | I52: =D52/B52% | J52: =E52/C52% | K52: =(D52+E52)/(B52+C52)% | L52: =SUM(L31:L51) | M52: =SUM(M31:M51) | N52: =SUM(N31:N51) | O52: =SUM(O31:O51) | P52: =SUM(P31:P51) | Q52: =SUM(Q31:Q51) | R52: =SUM(R31:R51) | S52: =N52/L52% | T52: =O52/M52% | U52: =(N52+O52)/(L52+M52)% | V52: =SUM(V31:V51) | W52: =SUM(W31:W51) | X52: =SUM(X31:X51) | Y52: =SUM(Y31:Y51) | Z52: =SUM(Z31:Z51) | AA52: =SUM(AA31:AA51) | AB52: =SUM(AB31:AB51) | AC52: =X52/V52% | AD52: =Y52/W52% | AE52: =(X52+Y52)/(V52+W52)% | AF52: =((D52+E52+N52+ O52+X52+Y52))/((B52+C52+L52+M52+V52+W52))*100 | AG52: =(D26+E26+N26+O26+X26+Y26+D52+E52+N52+O52+X52+Y52)/(B26+C26+L26+M26+V26+W26+B52+C52+L52+M52+V52+W52)*100
A53: จำนวนสินค้าใหม่ RTE Q3/2023
A54: กลุ่มสินค้า | B54: 45108 | L54: 45139 | V54: 45170 | AF54: Q3/2023 | AG54: Q3 สะสม 2023
B55: แผนขาย | D55: ขายได้ | F55: หยุดพัฒนา | H55: พัฒนาทั้งหมด | I55: %success | L55: แผนขาย | N55: ขายได้ | P55: หยุดพัฒนา | R55: พัฒนาทั้งหมด | S55: %success | V55: แผนขาย | X55: ขายได้ | Z55: หยุดพัฒนา | AB55: พัฒนาทั้งหมด | AC55: %success
B56: New | C56: Imp | D56: New | E56: Imp | F56: ตามแผน | G56: นอกแผน | I56: New | J56: Imp | K56: รวม | L56: New | M56: Imp | N56: New | O56: Imp | P56: ตามแผน | Q56: นอกแผน | S56: New | T56: Imp | U56: รวม | V56: New | W56: Imp | X56: New | Y56: Imp | Z56: ตามแผน | AA56: นอกแผน | AC56: New | AD56: Imp | AE56: รวม
A57: PMA02 | B57: 0 | C57: 0 | D57: 0 | E57: 0 | H57: =SUM(D57:G57) | I57: 0 | J57: 0 | K57: 0 | R57: =SUM(N57:Q57) | S57: =N57/L57% | T57: =O57/M57% | U57: =(N57+O57)/(L57+M57)% | AB57: =SUM(X57:AA57) | AC57: =X57/V57% | AD57: =Y57/W57% | AE57: =(X57+Y57)/(V57+W57)% | AF57: =(D57+E57+N57+O57+X57+Y57)/(B57+L57+V57)*100 | AG57: =(D5+E5+N5+O5+X5+Y5+D31+E31+N31+O31+X31+Y31+D57+E57+N57+O57+X57+Y57)/(B5+C5+L5+M5+V5+W5+B31+C31+L31+M31+V31+W31+B57+C57+L57+M57+V57+W57)*100
A58: PMA08 | B58: 0 | C58: 1 | D58: 0 | E58: 1 | H58: =SUM(D58:G58) | I58: 0 | J58: =E58/C58% | K58: =(D58+E58)/(B58+C58)% | R58: =SUM(N58:Q58) | S58: =N58/L58% | T58: =O58/M58% | U58: =(N58+O58)/(L58+M58)% | AB58: =SUM(X58:AA58) | AC58: =X58/V58% | AD58: =Y58/W58% | AE58: =(X58+Y58)/(V58+W58)% | AF58: =(D58+E58+N58+O58+X58+Y58)/(B58+L58+V58)*100 | AG58: =(D6+E6+N6+O6+X6+Y6+D32+E32+N32+O32+X32+Y32+D58+E58+N58+O58+X58+Y58)/(B6+C6+L6+M6+V6+W6+B32+C32+L32+M32+V32+W32+B58+C58+L58+M58+V58+W58)*100
A59: PMA22 ข้าวเหนียว | B59: 0 | C59: 0 | D59: 0 | E59: 0 | H59: =SUM(D59:G59) | I59: 0 | J59: 0 | K59: 0 | R59: =SUM(N59:Q59) | S59: =N59/L59% | T59: =O59/M59% | U59: =(N59+O59)/(L59+M59)% | AB59: =SUM(X59:AA59) | AC59: =X59/V59% | AD59: =Y59/W59% | AE59: =(X59+Y59)/(V59+W59)% | AF59: =(D59+E59+N59+O59+X59+Y59)/(B59+L59+V59)*100 | AG59: =(D7+E7+N7+O7+X7+Y7+D33+E33+N33+O33+X33+Y33+D59+E59+N59+O59+X59+Y59)/(B7+C7+L7+M7+V7+W7+B33+C33+L33+M33+V33+W33+B59+C59+L59+M59+V59+W59)*100
A60: PMA24 | B60: 1 | C60: 1 | D60: 1 | E60: 1 | H60: =SUM(D60:G60) | I60: =D60/B60% | J60: 0 | K60: =(D60+E60)/(B60+C60)% | R60: =SUM(N60:Q60) | S60: =N60/L60% | T60: =O60/M60% | U60: =(N60+O60)/(L60+M60)% | AB60: =SUM(X60:AA60) | AC60: =X60/V60% | AD60: =Y60/W60% | AE60: =(X60+Y60)/(V60+W60)% | AF60: =(D60+E60+N60+O60+X60+Y60)/(B60+L60+V60)*100 | AG60: =(D8+E8+N8+O8+X8+Y8+D34+E34+N34+O34+X34+Y34+D60+E60+N60+O60+X60+Y60)/(B8+C8+L8+M8+V8+W8+B34+C34+L34+M34+V34+W34+B60+C60+L60+M60+V60+W60)*100
A61: PMA16 | B61: 0 | C61: 0 | D61: 0 | E61: 0 | H61: =SUM(D61:G61) | I61: 0 | J61: 0 | K61: 0 | R61: =SUM(N61:Q61) | S61: =N61/L61% | T61: =O61/M61% | U61: =(N61+O61)/(L61+M61)% | AB61: =SUM(X61:AA61) | AC61: =X61/V61% | AD61: =Y61/W61% | AE61: =(X61+Y61)/(V61+W61)% | AF61: =(D61+E61+N61+O61+X61+Y61)/(B61+L61+V61)*100 | AG61: =(D9+E9+N9+O9+X9+Y9+D35+E35+N35+O35+X35+Y35+D61+E61+N61+O61+X61+Y61)/(B9+C9+L9+M9+V9+W9+B35+C35+L35+M35+V35+W35+B61+C61+L61+M61+V61+W61)*100
A62: PMA19 ข้าวปั้น | B62: 0 | C62: 0 | D62: 0 | E62: 0 | H62: =SUM(D62:G62) | I62: 0 | J62: 0 | K62: 0 | R62: =SUM(N62:Q62) | S62: =N62/L62% | T62: =O62/M62% | U62: =(N62+O62)/(L62+M62)% | AB62: =SUM(X62:AA62) | AC62: =X62/V62% | AD62: =Y62/W62% | AE62: =(X62+Y62)/(V62+W62)% | AF62: =(D62+E62+N62+O62+X62+Y62)/(B62+L62+V62)*100 | AG62: =(D10+E10+N10+O10+X10+Y10+D36+E36+N36+O36+X36+Y36+D62+E62+N62+O62+X62+Y62)/(B10+C10+L10+M10+V10+W10+B36+C36+L36+M36+V36+W36+B62+C62+L62+M62+V62+W62)*100
A63: PMA19 Chilled | B63: 3 | C63: 3 | D63: 3 | E63: 3 | H63: =SUM(D63:G63) | I63: =D63/B63% | J63: =E63/C63% | K63: =(D63+E63)/(B63+C63)% | R63: =SUM(N63:Q63) | S63: =N63/L63% | T63: =O63/M63% | U63: =(N63+O63)/(L63+M63)% | AB63: =SUM(X63:AA63) | AC63: =X63/V63% | AD63: =Y63/W63% | AE63: =(X63+Y63)/(V63+W63)% | AF63: =(D63+E63+N63+O63+X63+Y63)/(B63+L63+V63)*100 | AG63: =(D11+E11+N11+O11+X11+Y11+D37+E37+N37+O37+X37+Y37+D63+E63+N63+O63+X63+Y63)/(B11+C11+L11+M11+V11+W11+B37+C37+L37+M37+V37+W37+B63+C63+L63+M63+V63+W63)*100
A64: PMA19 โครงการพิเศษ | B64: 0 | C64: 0 | D64: 0 | E64: 0 | H64: =SUM(D64:G64) | I64: 0 | J64: 0 | K64: 0 | R64: =SUM(N64:Q64) | S64: =N64/L64% | T64: =O64/M64% | U64: =(N64+O64)/(L64+M64)% | AB64: =SUM(X64:AA64) | AC64: =X64/V64% | AD64: =Y64/W64% | AE64: =(X64+Y64)/(V64+W64)% | AF64: =(D64+E64+N64+O64+X64+Y64)/(B64+L64+V64)*100 | AG64: =(D12+E12+N12+O12+X12+Y12+D38+E38+N38+O38+X38+Y38+D64+E64+N64+O64+X64+Y64)/(B12+C12+L12+M12+V12+W12+B38+C38+L38+M38+V38+W38+B64+C64+L64+M64+V64+W64)*100
A65: PMA22 ข้าว Chilled | B65: 0 | C65: 0 | D65: 0 | E65: 0 | H65: =SUM(D65:G65) | I65: 0 | J65: 0 | K65: 0 | R65: =SUM(N65:Q65) | S65: =N65/L65% | T65: =O65/M65% | U65: =(N65+O65)/(L65+M65)% | AB65: =SUM(X65:AA65) | AC65: =X65/V65% | AD65: =Y65/W65% | AE65: =(X65+Y65)/(V65+W65)% | AF65: =(D65+E65+N65+O65+X65+Y65)/(B65+L65+V65)*100 | AG65: =(D13+E13+N13+O13+X13+Y13+D39+E39+N39+O39+X39+Y39+D65+E65+N65+O65+X65+Y65)/(B13+C13+L13+M13+V13+W13+B39+C39+L39+M39+V39+W39+B65+C65+L65+M65+V65+W65)*100
A66: PMA22 โครงการพิิเศษ | B66: 0 | C66: 0 | D66: 0 | E66: 0 | H66: =SUM(D66:G66) | I66: 0 | J66: 0 | K66: 0 | R66: =SUM(N66:Q66) | S66: =N66/L66% | T66: =O66/M66% | U66: =(N66+O66)/(L66+M66)% | AB66: =SUM(X66:AA66) | AC66: =X66/V66% | AD66: =Y66/W66% | AE66: =(X66+Y66)/(V66+W66)% | AF66: =(D66+E66+N66+O66+X66+Y66)/(B66+L66+V66)*100 | AG66: =(D14+E14+N14+O14+X14+Y14+D40+E40+N40+O40+X40+Y40+D66+E66+N66+O66+X66+Y66)/(B14+C14+L14+M14+V14+W14+B40+C40+L40+M40+V40+W40+B66+C66+L66+M66+V66+W66)*100
A67: PMA20 ข้าวFrozen | B67: 2 | C67: 1 | D67: 2 | E67: 1 | G67: 8 | H67: =SUM(D67:G67) | I67: 0 | J67: 0 | K67: =(D67+E67)/(B67+C67)% | R67: =SUM(N67:Q67) | S67: =N67/L67% | T67: =O67/M67% | U67: =(N67+O67)/(L67+M67)% | AB67: =SUM(X67:AA67) | AC67: =X67/V67% | AD67: =Y67/W67% | AE67: =(X67+Y67)/(V67+W67)% | AF67: =(D67+E67+N67+O67+X67+Y67)/(B67+L67+V67)*100 | AG67: =(D15+E15+N15+O15+X15+Y15+D41+E41+N41+O41+X41+Y41+D67+E67+N67+O67+X67+Y67)/(B15+C15+L15+M15+V15+W15+B41+C41+L41+M41+V41+W41+B67+C67+L67+M67+V67+W67)*100
A68: PMA20 ทอด | B68: 0 | C68: 0 | D68: 0 | E68: 0 | H68: =SUM(D68:G68) | I68: 0 | J68: 0 | K68: 0 | R68: =SUM(N68:Q68) | S68: =N68/L68% | T68: =O68/M68% | U68: =(N68+O68)/(L68+M68)% | AB68: =SUM(X68:AA68) | AC68: =X68/V68% | AD68: =Y68/W68% | AE68: =(X68+Y68)/(V68+W68)% | AF68: =(D68+E68+N68+O68+X68+Y68)/(B68+L68+V68)*100 | AG68: =(D16+E16+N16+O16+X16+Y16+D42+E42+N42+O42+X42+Y42+D68+E68+N68+O68+X68+Y68)/(B16+C16+L16+M16+V16+W16+B42+C42+L42+M42+V42+W42+B68+C68+L68+M68+V68+W68)*100
A69: PMA06 ทอด | B69: 0 | C69: 0 | D69: 0 | E69: 0 | H69: =SUM(D69:G69) | I69: 0 | J69: 0 | K69: 0 | R69: =SUM(N69:Q69) | S69: =N69/L69% | T69: =O69/M69% | U69: =(N69+O69)/(L69+M69)% | AB69: =SUM(X69:AA69) | AC69: =X69/V69% | AD69: =Y69/W69% | AE69: =(X69+Y69)/(V69+W69)% | AF69: =(D69+E69+N69+O69+X69+Y69)/(B69+L69+V69)*100 | AG69: =(D17+E17+N17+O17+X17+Y17+D43+E43+N43+O43+X43+Y43+D69+E69+N69+O69+X69+Y69)/(B17+C17+L17+M17+V17+W17+B43+C43+L43+M43+V43+W43+B69+C69+L69+M69+V69+W69)*100
A70: PMA06 โครงการพิเศษ | B70: 0 | C70: 0 | D70: 0 | E70: 0 | H70: =SUM(D70:G70) | I70: 0 | J70: 0 | K70: 0 | R70: =SUM(N70:Q70) | S70: =N70/L70% | T70: =O70/M70% | U70: =(N70+O70)/(L70+M70)% | AB70: =SUM(X70:AA70) | AC70: =X70/V70% | AD70: =Y70/W70% | AE70: =(X70+Y70)/(V70+W70)% | AF70: =(D70+E70+N70+O70+X70+Y70)/(B70+L70+V70)*100 | AG70: =(D18+E18+N18+O18+X18+Y18+D44+E44+N44+O44+X44+Y44+D70+E70+N70+O70+X70+Y70)/(B18+C18+L18+M18+V18+W18+B44+C44+L44+M44+V44+W44+B70+C70+L70+M70+V70+W70)*100
A71: PMA76 โครงการพิเศษ | B71: 0 | C71: 0 | D71: 0 | E71: 0 | H71: =SUM(D71:G71) | I71: 0 | J71: 0 | K71: 0 | R71: =SUM(N71:Q71) | S71: =N71/L71% | T71: =O71/M71% | U71: =(N71+O71)/(L71+M71)% | AB71: =SUM(X71:AA71) | AC71: =X71/V71% | AD71: =Y71/W71% | AE71: =(X71+Y71)/(V71+W71)% | AF71: =(D71+E71+N71+O71+X71+Y71)/(B71+L71+V71)*100 | AG71: =(D19+E19+N19+O19+X19+Y19+D45+E45+N45+O45+X45+Y45+D71+E71+N71+O71+X71+Y71)/(B19+C19+L19+M19+V19+W19+B45+C45+L45+M45+V45+W45+B71+C71+L71+M71+V71+W71)*100
A72: non 7-11 โครงการพิเศษ | B72: 0 | C72: 0 | D72: 0 | E72: 0 | H72: =SUM(D72:G72) | I72: 0 | J72: 0 | K72: 0 | R72: =SUM(N72:Q72) | S72: =N72/L72% | T72: =O72/M72% | U72: =(N72+O72)/(L72+M72)% | AB72: =SUM(X72:AA72) | AC72: =X72/V72% | AD72: =Y72/W72% | AE72: =(X72+Y72)/(V72+W72)% | AF72: =(D72+E72+N72+O72+X72+Y72)/(B72+L72+V72)*100 | AG72: =(D20+E20+N20+O20+X20+Y20+D46+E46+N46+O46+X46+Y46+D72+E72+N72+O72+X72+Y72)/(B20+C20+L20+M20+V20+W20+B46+C46+L46+M46+V46+W46+B72+C72+L72+M72+V72+W72)*100
A73: ติ่มซำ non-7 ในประเทศ | B73: 0 | C73: 0 | D73: 0 | E73: 0 | H73: =SUM(D73:G73) | I73: 0 | J73: 0 | K73: 0 | R73: =SUM(N73:Q73) | S73: =N73/L73% | T73: =O73/M73% | U73: =(N73+O73)/(L73+M73)% | AB73: =SUM(X73:AA73) | AC73: =X73/V73% | AD73: =Y73/W73% | AE73: =(X73+Y73)/(V73+W73)% | AF73: =(D73+E73+N73+O73+X73+Y73)/(B73+L73+V73)*100 | AG73: =(D21+E21+N21+O21+X21+Y21+D47+E47+N47+O47+X47+Y47+D73+E73+N73+O73+X73+Y73)/(B21+C21+L21+M21+V21+W21+B47+C47+L47+M47+V47+W47+B73+C73+L73+M73+V73+W73)*100
A74: ส่งออก โครงการพิเศษ | B74: 0 | C74: 0 | D74: 0 | E74: 0 | H74: =SUM(D74:G74) | I74: 0 | J74: 0 | K74: 0 | R74: =SUM(N74:Q74) | S74: =N74/L74% | T74: =O74/M74% | U74: =(N74+O74)/(L74+M74)% | AB74: =SUM(X74:AA74) | AC74: =X74/V74% | AD74: =Y74/W74% | AE74: =(X74+Y74)/(V74+W74)% | AF74: =(D74+E74+N74+O74+X74+Y74)/(B74+L74+V74)*100 | AG74: =(D22+E22+N22+O22+X22+Y22+D48+E48+N48+O48+X48+Y48+D74+E74+N74+O74+X74+Y74)/(B22+C22+L22+M22+V22+W22+B48+C48+L48+M48+V48+W48+B74+C74+L74+M74+V74+W74)*100
A75: ส่่งออก ทีมข้าวFrozen | B75: 0 | C75: 0 | D75: 0 | E75: 0 | G75: 3 | H75: =SUM(D75:G75) | I75: 0 | J75: 0 | K75: 0 | R75: =SUM(N75:Q75) | S75: =N75/L75% | T75: =O75/M75% | U75: =(N75+O75)/(L75+M75)% | AB75: =SUM(X75:AA75) | AC75: =X75/V75% | AD75: =Y75/W75% | AE75: =(X75+Y75)/(V75+W75)% | AF75: =(D75+E75+N75+O75+X75+Y75)/(B75+L75+V75)*100 | AG75: =(D23+E23+N23+O23+X23+Y23+D49+E49+N49+O49+X49+Y49+D75+E75+N75+O75+X75+Y75)/(B23+C23+L23+M23+V23+W23+B49+C49+L49+M49+V49+W49+B75+C75+L75+M75+V75+W75)*100
A76: ติ่มซำส่งออก | B76: 2 | C76: 0 | D76: 1 | E76: 0 | F76: 1 | G76: 3 | H76: =SUM(D76:G76) | I76: =D76/B76% | J76: 0 | K76: =(D76+E76)/(B76+C76)% | R76: =SUM(N76:Q76) | S76: =N76/L76% | T76: =O76/M76% | U76: =(N76+O76)/(L76+M76)% | AB76: =SUM(X76:AA76) | AC76: =X76/V76% | AD76: =Y76/W76% | AE76: =(X76+Y76)/(V76+W76)% | AF76: =(D76+E76+N76+O76+X76+Y76)/(B76+L76+V76)*100 | AG76: =(D24+E24+N24+O24+X24+Y24+D50+E50+N50+O50+X50+Y50+D76+E76+N76+O76+X76+Y76)/(B24+C24+L24+M24+V24+W24+B50+C50+L50+M50+V50+W50+B76+C76+L76+M76+V76+W76)*100
A77: Snack ส่งออก | B77: 2 | C77: 0 | D77: 0 | E77: 0 | F77: 2 | H77: =SUM(D77:G77) | I77: 0 | J77: 0 | K77: 0 | R77: =SUM(N77:Q77) | S77: =N77/L77% | T77: =O77/M77% | U77: =(N77+O77)/(L77+M77)% | AB77: =SUM(X77:AA77) | AC77: =X77/V77% | AD77: =Y77/W77% | AE77: =(X77+Y77)/(V77+W77)% | AF77: =(D77+E77+N77+O77+X77+Y77)/(B77+L77+V77)*100 | AG77: =(D25+E25+N25+O25+X25+Y25+D51+E51+N51+O51+X51+Y51+D77+E77+N77+O77+X77+Y77)/(B25+C25+L25+M25+V25+W25+B51+C51+L51+M51+V51+W51+B77+C77+L77+M77+V77+W77)*100
A78: Total | B78: =SUM(B57:B77) | C78: =SUM(C57:C77) | D78: =SUM(D57:D77) | E78: =SUM(E57:E77) | F78: =SUM(F57:F77) | G78: =SUM(G57:G77) | H78: =SUM(H57:H77) | I78: =D78/B78% | J78: =E78/C78% | K78: =(D78+E78)/(B78+C78)% | L78: =SUM(L57:L77) | M78: =SUM(M57:M77) | N78: =SUM(N57:N77) | O78: =SUM(O57:O77) | P78: =SUM(P57:P77) | Q78: =SUM(Q57:Q77) | R78: =SUM(R57:R77) | S78: =N78/L78% | T78: =O78/M78% | U78: =(N78+O78)/(L78+M78)% | V78: =SUM(V57:V77) | W78: =SUM(W57:W77) | X78: =SUM(X57:X77) | Y78: =SUM(Y57:Y77) | Z78: =SUM(Z57:Z77) | AA78: =SUM(AA57:AA77) | AB78: =SUM(AB57:AB77) | AC78: =X78/V78% | AD78: =Y78/W78% | AE78: =(X78+Y78)/(V78+W78)% | AF78: =((D78+E78+N78+ O78+X78+Y78))/((B78+C78+L78+M78+V78+W78))*100 | AG78: =(D26+E26+N26+O26+X26+Y26+D52+E52+N52+O52+X52+Y52+D78+E78+N78+O78+X78+Y78)/(B26+C26+L26+M26+V26+W26+B52+C52+L52+M52+V52+W52+B78+C78+L78+M78+V78+W78)*100
A79: จำนวนสินค้าใหม่ RTE Q4/2023
A80: กลุ่มสินค้า | B80: 45200 | L80: 45231 | V80: 45261 | AF80: Q4/2023 | AG80: Q4 สะสม 2023
B81: แผนขาย | D81: ขายได้ | F81: หยุดพัฒนา | H81: พัฒนาทั้งหมด | I81: %success | L81: แผนขาย | N81: ขายได้ | P81: หยุดพัฒนา | R81: พัฒนาทั้งหมด | S81: %success | V81: แผนขาย | X81: ขายได้ | Z81: หยุดพัฒนา | AB81: พัฒนาทั้งหมด | AC81: %success
B82: New | C82: Imp | D82: New | E82: Imp | F82: ตามแผน | G82: นอกแผน | I82: New | J82: Imp | K82: รวม | L82: New | M82: Imp | N82: New | O82: Imp | P82: ตามแผน | Q82: นอกแผน | S82: New | T82: Imp | U82: รวม | V82: New | W82: Imp | X82: New | Y82: Imp | Z82: ตามแผน | AA82: นอกแผน | AC82: New | AD82: Imp | AE82: รวม
A83: PMA02 | H83: =SUM(D83:G83) | I83: =D83/B83% | J83: =E83/C83% | K83: =(D83+E83)/(B83+C83)% | R83: =SUM(N83:Q83) | S83: =N83/L83% | T83: =O83/M83% | U83: =(N83+O83)/(L83+M83)% | AB83: =SUM(X83:AA83) | AC83: =X83/V83% | AD83: =Y83/W83% | AE83: =(X83+Y83)/(V83+W83)% | AF83: =(D83+E83+N83+O83+X83+Y83)/(B83+L83+V83)*100 | AG83: =(D5+E5+N5+O5+X5+Y5+D31+E31+N31+O31+X31+Y31+D57+E57+N57+O57+X57+Y57+D83+E83+N83+O83+X83+Y83)/(B5+C5+L5+M5+V5+W5+B31+C31+L31+M31+V31+W31+B57+C57+L57+M57+V57+W57+B83+C83+L83+M83+V83+W83)*100
A84: PMA08 | H84: =SUM(D84:G84) | I84: =D84/B84% | J84: =E84/C84% | K84: =(D84+E84)/(B84+C84)% | R84: =SUM(N84:Q84) | S84: =N84/L84% | T84: =O84/M84% | U84: =(N84+O84)/(L84+M84)% | AB84: =SUM(X84:AA84) | AC84: =X84/V84% | AD84: =Y84/W84% | AE84: =(X84+Y84)/(V84+W84)% | AF84: =(D84+E84+N84+O84+X84+Y84)/(B84+L84+V84)*100 | AG84: =(D6+E6+N6+O6+X6+Y6+D32+E32+N32+O32+X32+Y32+D58+E58+N58+O58+X58+Y58+D84+E84+N84+O84+X84+Y84)/(B6+C6+L6+M6+V6+W6+B32+C32+L32+M32+V32+W32+B58+C58+L58+M58+V58+W58+B84+C84+L84+M84+V84+W84)*100
A85: PMA22 ข้าวเหนียว | H85: =SUM(D85:G85) | I85: =D85/B85% | J85: =E85/C85% | K85: =(D85+E85)/(B85+C85)% | R85: =SUM(N85:Q85) | S85: =N85/L85% | T85: =O85/M85% | U85: =(N85+O85)/(L85+M85)% | AB85: =SUM(X85:AA85) | AC85: =X85/V85% | AD85: =Y85/W85% | AE85: =(X85+Y85)/(V85+W85)% | AF85: =(D85+E85+N85+O85+X85+Y85)/(B85+L85+V85)*100 | AG85: =(D7+E7+N7+O7+X7+Y7+D33+E33+N33+O33+X33+Y33+D59+E59+N59+O59+X59+Y59+D85+E85+N85+O85+X85+Y85)/(B7+C7+L7+M7+V7+W7+B33+C33+L33+M33+V33+W33+B59+C59+L59+M59+V59+W59+B85+C85+L85+M85+V85+W85)*100
A86: PMA24 | H86: =SUM(D86:G86) | I86: =D86/B86% | J86: =E86/C86% | K86: =(D86+E86)/(B86+C86)% | R86: =SUM(N86:Q86) | S86: =N86/L86% | T86: =O86/M86% | U86: =(N86+O86)/(L86+M86)% | AB86: =SUM(X86:AA86) | AC86: =X86/V86% | AD86: =Y86/W86% | AE86: =(X86+Y86)/(V86+W86)% | AF86: =(D86+E86+N86+O86+X86+Y86)/(B86+L86+V86)*100 | AG86: =(D8+E8+N8+O8+X8+Y8+D34+E34+N34+O34+X34+Y34+D60+E60+N60+O60+X60+Y60+D86+E86+N86+O86+X86+Y86)/(B8+C8+L8+M8+V8+W8+B34+C34+L34+M34+V34+W34+B60+C60+L60+M60+V60+W60+B86+C86+L86+M86+V86+W86)*100
A87: PMA16 | H87: =SUM(D87:G87) | I87: =D87/B87% | J87: =E87/C87% | K87: =(D87+E87)/(B87+C87)% | R87: =SUM(N87:Q87) | S87: =N87/L87% | T87: =O87/M87% | U87: =(N87+O87)/(L87+M87)% | AB87: =SUM(X87:AA87) | AC87: =X87/V87% | AD87: =Y87/W87% | AE87: =(X87+Y87)/(V87+W87)% | AF87: =(D87+E87+N87+O87+X87+Y87)/(B87+L87+V87)*100 | AG87: =(D9+E9+N9+O9+X9+Y9+D35+E35+N35+O35+X35+Y35+D61+E61+N61+O61+X61+Y61+D87+E87+N87+O87+X87+Y87)/(B9+C9+L9+M9+V9+W9+B35+C35+L35+M35+V35+W35+B61+C61+L61+M61+V61+W61+B87+C87+L87+M87+V87+W87)*100
A88: PMA19 ข้าวปั้น | H88: =SUM(D88:G88) | I88: =D88/B88% | J88: =E88/C88% | K88: =(D88+E88)/(B88+C88)% | R88: =SUM(N88:Q88) | S88: =N88/L88% | T88: =O88/M88% | U88: =(N88+O88)/(L88+M88)% | AB88: =SUM(X88:AA88) | AC88: =X88/V88% | AD88: =Y88/W88% | AE88: =(X88+Y88)/(V88+W88)% | AF88: =(D88+E88+N88+O88+X88+Y88)/(B88+L88+V88)*100 | AG88: =(D10+E10+N10+O10+X10+Y10+D36+E36+N36+O36+X36+Y36+D62+E62+N62+O62+X62+Y62+D88+E88+N88+O88+X88+Y88)/(B10+C10+L10+M10+V10+W10+B36+C36+L36+M36+V36+W36+B62+C62+L62+M62+V62+W62+B88+C88+L88+M88+V88+W88)*100
A89: PMA19 Chilled | H89: =SUM(D89:G89) | I89: =D89/B89% | J89: =E89/C89% | K89: =(D89+E89)/(B89+C89)% | R89: =SUM(N89:Q89) | S89: =N89/L89% | T89: =O89/M89% | U89: =(N89+O89)/(L89+M89)% | AB89: =SUM(X89:AA89) | AC89: =X89/V89% | AD89: =Y89/W89% | AE89: =(X89+Y89)/(V89+W89)% | AF89: =(D89+E89+N89+O89+X89+Y89)/(B89+L89+V89)*100 | AG89: =(D11+E11+N11+O11+X11+Y11+D37+E37+N37+O37+X37+Y37+D63+E63+N63+O63+X63+Y63+D89+E89+N89+O89+X89+Y89)/(B11+C11+L11+M11+V11+W11+B37+C37+L37+M37+V37+W37+B63+C63+L63+M63+V63+W63+B89+C89+L89+M89+V89+W89)*100
A90: PMA19 โครงการพิเศษ | H90: =SUM(D90:G90) | I90: =D90/B90% | J90: =E90/C90% | K90: =(D90+E90)/(B90+C90)% | R90: =SUM(N90:Q90) | S90: =N90/L90% | T90: =O90/M90% | U90: =(N90+O90)/(L90+M90)% | AB90: =SUM(X90:AA90) | AC90: =X90/V90% | AD90: =Y90/W90% | AE90: =(X90+Y90)/(V90+W90)% | AF90: =(D90+E90+N90+O90+X90+Y90)/(B90+L90+V90)*100 | AG90: =(D12+E12+N12+O12+X12+Y12+D38+E38+N38+O38+X38+Y38+D64+E64+N64+O64+X64+Y64+D90+E90+N90+O90+X90+Y90)/(B12+C12+L12+M12+V12+W12+B38+C38+L38+M38+V38+W38+B64+C64+L64+M64+V64+W64+B90+C90+L90+M90+V90+W90)*100
A91: PMA22 ข้าว Chilled | H91: =SUM(D91:G91) | I91: =D91/B91% | J91: =E91/C91% | K91: =(D91+E91)/(B91+C91)% | R91: =SUM(N91:Q91) | S91: =N91/L91% | T91: =O91/M91% | U91: =(N91+O91)/(L91+M91)% | AB91: =SUM(X91:AA91) | AC91: =X91/V91% | AD91: =Y91/W91% | AE91: =(X91+Y91)/(V91+W91)% | AF91: =(D91+E91+N91+O91+X91+Y91)/(B91+L91+V91)*100 | AG91: =(D13+E13+N13+O13+X13+Y13+D39+E39+N39+O39+X39+Y39+D65+E65+N65+O65+X65+Y65+D91+E91+N91+O91+X91+Y91)/(B13+C13+L13+M13+V13+W13+B39+C39+L39+M39+V39+W39+B65+C65+L65+M65+V65+W65+B91+C91+L91+M91+V91+W91)*100
A92: PMA22 โครงการพิิเศษ | H92: =SUM(D92:G92) | I92: =D92/B92% | J92: =E92/C92% | K92: =(D92+E92)/(B92+C92)% | R92: =SUM(N92:Q92) | S92: =N92/L92% | T92: =O92/M92% | U92: =(N92+O92)/(L92+M92)% | AB92: =SUM(X92:AA92) | AC92: =X92/V92% | AD92: =Y92/W92% | AE92: =(X92+Y92)/(V92+W92)% | AF92: =(D92+E92+N92+O92+X92+Y92)/(B92+L92+V92)*100 | AG92: =(D14+E14+N14+O14+X14+Y14+D40+E40+N40+O40+X40+Y40+D66+E66+N66+O66+X66+Y66+D92+E92+N92+O92+X92+Y92)/(B14+C14+L14+M14+V14+W14+B40+C40+L40+M40+V40+W40+B66+C66+L66+M66+V66+W66+B92+C92+L92+M92+V92+W92)*100
A93: PMA20 ข้าวFrozen | H93: =SUM(D93:G93) | I93: =D93/B93% | J93: =E93/C93% | K93: =(D93+E93)/(B93+C93)% | R93: =SUM(N93:Q93) | S93: =N93/L93% | T93: =O93/M93% | U93: =(N93+O93)/(L93+M93)% | AB93: =SUM(X93:AA93) | AC93: =X93/V93% | AD93: =Y93/W93% | AE93: =(X93+Y93)/(V93+W93)% | AF93: =(D93+E93+N93+O93+X93+Y93)/(B93+L93+V93)*100 | AG93: =(D15+E15+N15+O15+X15+Y15+D41+E41+N41+O41+X41+Y41+D67+E67+N67+O67+X67+Y67+D93+E93+N93+O93+X93+Y93)/(B15+C15+L15+M15+V15+W15+B41+C41+L41+M41+V41+W41+B67+C67+L67+M67+V67+W67+B93+C93+L93+M93+V93+W93)*100
A94: PMA20 ทอด | H94: =SUM(D94:G94) | I94: =D94/B94% | J94: =E94/C94% | K94: =(D94+E94)/(B94+C94)% | R94: =SUM(N94:Q94) | S94: =N94/L94% | T94: =O94/M94% | U94: =(N94+O94)/(L94+M94)% | AB94: =SUM(X94:AA94) | AC94: =X94/V94% | AD94: =Y94/W94% | AE94: =(X94+Y94)/(V94+W94)% | AF94: =(D94+E94+N94+O94+X94+Y94)/(B94+L94+V94)*100 | AG94: =(D16+E16+N16+O16+X16+Y16+D42+E42+N42+O42+X42+Y42+D68+E68+N68+O68+X68+Y68+D94+E94+N94+O94+X94+Y94)/(B16+C16+L16+M16+V16+W16+B42+C42+L42+M42+V42+W42+B68+C68+L68+M68+V68+W68+B94+C94+L94+M94+V94+W94)*100
... A100: ส่งออก โครงการพิเศษ | H100: =SUM(D100:G100) | I100: =D100/B100% | J100: =E100/C100% | K100: =(D100+E100)/(B100+C100)% | R100: =SUM(N100:Q100) | S100: =N100/L100% | T100: =O100/M100% | U100: =(N100+O100)/(L100+M100)% | AB100: =SUM(X100:AA100) | AC100: =X100/V100% | AD100: =Y100/W100% | AE100: =(X100+Y100)/(V100+W100)% | AF100: =(D100+E100+N100+O100+X100+Y100)/(B100+L100+V100)*100 | AG100: =(D22+E22+N22+O22+X22+Y22+D48+E48+N48+O48+X48+Y48+D74+E74+N74+O74+X74+Y74+D100+E100+N100+O100+X100+Y100)/(B22+C22+L22+M22+V22+W22+B48+C48+L48+M48+V48+W48+B74+C74+L74+M74+V74+W74+B100+C100+L100+M100+V100+W100)*100
A101: ส่่งออก ทีมข้าวFrozen | H101: =SUM(D101:G101) | I101: =D101/B101% | J101: =E101/C101% | K101: =(D101+E101)/(B101+C101)% | R101: =SUM(N101:Q101) | S101: =N101/L101% | T101: =O101/M101% | U101: =(N101+O101)/(L101+M101)%
A102: ติ่มซำส่งออก | H102: =SUM(D102:G102) | I102: =D102/B102% | J102: =E102/C102% | K102: =(D102+E102)/(B102+C102)% | R102: =SUM(N102:Q102) | S102: =N102/L102% | T102: =O102/M102% | U102: =(N102+O102)/(L102+M102)% | AB102: =SUM(X102:AA102) | AC102: =X102/V102% | AD102: =Y102/W102% | AE102: =(X102+Y102)/(V102+W102)% | AF102: =(D102+E102+N102+O102+X102+Y102)/(B102+L102+V102)*100 | AG102: =(D24+E24+N24+O24+X24+Y24+D50+E50+N50+O50+X50+Y50+D76+E76+N76+O76+X76+Y76+D102+E102+N102+O102+X102+Y102)/(B24+C24+L24+M24+V24+W24+B50+C50+L50+M50+V50+W50+B76+C76+L76+M76+V76+W76+B102+C102+L102+M102+V102+W102)*100
A103: Snack ส่งออก | H103: =SUM(D103:G103) | I103: =D103/B103% | J103: =E103/C103% | K103: =(D103+E103)/(B103+C103)% | R103: =SUM(N103:Q103) | S103: =N103/L103% | T103: =O103/M103% | U103: =(N103+O103)/(L103+M103)% | AB103: =SUM(X103:AA103) | AC103: =X103/V103% | AD103: =Y103/W103% | AE103: =(X103+Y103)/(V103+W103)% | AF103: =(D103+E103+N103+O103+X103+Y103)/(B103+L103+V103)*100 | AG103: =(D25+E25+N25+O25+X25+Y25+D51+E51+N51+O51+X51+Y51+D77+E77+N77+O77+X77+Y77+D103+E103+N103+O103+X103+Y103)/(B25+C25+L25+M25+V25+W25+B51+C51+L51+M51+V51+W51+B77+C77+L77+M77+V77+W77+B103+C103+L103+M103+V103+W103)*100
A104: Total | B104: =SUM(B83:B103) | C104: =SUM(C83:C103) | D104: =SUM(D83:D103) | E104: =SUM(E83:E103) | F104: =SUM(F83:F103) | G104: =SUM(G83:G103) | H104: =SUM(H83:H103) | I104: =D104/B104% | J104: =E104/C104% | K104: =(D104+E104)/(B104+C104)% | L104: =SUM(L83:L103) | M104: =SUM(M83:M103) | N104: =SUM(N83:N103) | O104: =SUM(O83:O103) | P104: =SUM(P83:P103) | Q104: =SUM(Q83:Q103) | R104: =SUM(R83:R103) | S104: =N104/L104% | T104: =O104/M104% | U104: =(N104+O104)/(L104+M104)% | V104: =SUM(V83:V103) | W104: =SUM(W83:W103) | X104: =SUM(X83:X103) | Y104: =SUM(Y83:Y103) | Z104: =SUM(Z83:Z103) | AA104: =SUM(AA83:AA103) | AB104: =SUM(AB83:AB103) | AC104: =X104/V104% | AD104: =Y104/W104% | AE104: =(X104+Y104)/(V104+W104)% | AF104: =((D104+E104+N104+ O104+X104+Y104))/((B104+C104+L104+M104+V104+W104))*100 | AG104: =(D26+E26+N26+O26+X26+Y26+D52+E52+N52+O52+X52+Y52+D78+E78+N78+O78+X78+Y78+D104+E104+N104+O104+X104+Y104)/(B26+C26+L26+M26+V26+W26+B52+C52+L52+M52+V52+W52+B78+C78+L78+M78+V78+W78+B104+C104+L104+M104+V104+W104)*100

Sheet Drop down list เดือน ชื่อทีม
B3: ติ่มซำ (นึ่ง) | D3: Jan | F3: ตามแผน | H3: Export | J3: Q1 | L3: All Store | N3: สินค้าไม่ผ่าน | O3: Man | Q3: เข้าซ้ำ | S3: Q1
B4: เบอร์เกอร์ รองท้อง | D4: Feb | F4: นอกแผน | H4: non-7 | J4: Q2 | L4: ทดลองขาย | N4: product spec ไม่ตรง | O4: Machine | Q4: ไม่เข้าซ้ำ | S4: Q2
B5: ข้าวเหนียว สเต็ก | D5: Mar | H5: PMA02 | J5: Q3 | L5: บางสาขา | N5: กระบวนการไม่ผ่าน (PD) | O5: Material | S5: Q3
B6: ข้าวผัด ข้าวต้ม โจ๊ก | D6: Apr | H6: PMA06 | J6: Q4 | L6: non 7-11 | N6: กระบวนการไม่ผ่าน (ผลิต) | O6: Method | S6: Q4
B7: ข้าวและกับข้าว | D7: May | H7: PMA08 | L7: ต่างประเทศ | N7: GHP ไม่ผ่าน | O7: Environment
B8: กับข้าว | D8: Jun | H8: PMA16
B9: ข้าวปั้น เครื่องเคียง | D9: Jul | H9: PMA19
B10: เส้น (แป้งสาลี) ซุป | D10: Aug | H10: PMA20
B11: เส้น (ข้าวไทย) | D11: Sep | H11: PMA22
B12: สลัด ยำ น้ำจิ้ม | D12: Oct | H12: PMA24
B13: ติ่มซำ รองท้อง (ทอด) | D13: Nov
D14: Dec

Sheet Drop down list สาเหตุที่หยุด
A1: สาเหตุ | B1: มีConceptจากMktของCPRAMมาให้แต่เสนอConceptแล้วไม่ผ่าน | C1: มีConceptจากลูกค้ามาให้แต่เสนอConceptแล้วไม่ผ่าน | D1: ไม่มีConceptแต่เสนอสินค้าแล้วไม่ผ่าน | E1: ไม่ผ่านในขั้นตอนScreenTest | F1: Merหรือลูกค้าขอยกเลิก | G1: CPRAMขอยกเลิก | H1: อื่นๆ
A2: มีConceptจากMktของCPRAMมาให้แต่เสนอConceptแล้วไม่ผ่าน | B2: 1.1 เพราะสินค้าไม่ตรง Concept ที่ Mer หรือ ลูกค้า อยากได้ | C2: 2.1 เพราะสินค้าไม่ตรง Concept ที่ Mer หรือ ลูกค้า อยากได้ | D2: - | E2: 4.1 ต้นทุนวัตถุดิบไม่ผ่าน | F2: 5.1 เพราะราคา RM สูง ทำให้ราคาขายสูง | G2: 6.1 โรงงานติดปัญหาด้านแรงงานในการผลิต | H2: 7.1 อายุสินค้าไม่ได้ตามความต้องการของลูกค้า (sensory/micro)
A3: มีConceptจากลูกค้ามาให้แต่เสนอConceptแล้วไม่ผ่าน | B3: 1.2 เพราะสินค้าไม่เหมือน BM | C3: 2.2 เพราะสินค้าไม่เหมือน BM | E3: 4.2 ต้นทุนแรงงานไม่ผ่าน | F3: 5.2 เพราะเลื่อนขาย ราคาขายปลีกสูง (ช่วงโควิด) | G3: 6.2 โรงงานติดปัญหาด้านกระบวนการผลิตซับซ้อน | H3: 7.2 Hold เพราะสถานการณ์ Covid
A4: ไม่มีConceptแต่เสนอสินค้าแล้วไม่ผ่าน | B4: 1.3 เพราะSurvey ลูกค้าแล้วไม่ผ่าน, ไม่น่าสนใจ | C4: 2.3 ใกล้เคียงกับสินค้าที่จำหน่าย | E4: 4.3 ต้นทุน packaging ไม่ผ่าน | F4: 5.3 เพราะชิมเทียบ Control แล้ว ไม่ต้องการ IMP ระหว่าง Sensory Test | G4: 6.3 โรงงานติดปัญหาด้าน Capacity เครื่องจักร | H4: 7.3 สินค้าเพื่อจัดแสดงสินค้างาน Event ต่างๆ
A5: ไม่ผ่านในขั้นตอนScreenTest | B5: 1.4 เพราะ Mer แจ้งว่า Market Share น้อยเกินไป | E5: 4.4 วัตถุดิบ supply ไม่เพียงพอ | F5: 5.4 เพราะเปลี่ยน Concept ใหม่ | G5: 6.4 ติดข้อกำหนดโรงงาน เช่น ข้อกำหนดส่งออก GMP HACCP | H5: 7.4 ทำส่งซีพีแรมลาดกะบัง ไปประกอบเป็น FG
A6: Merหรือลูกค้าขอยกเลิก | B6: 1.5 ใกล้เคียงกับสินค้าที่จำหน่าย | E6: 4.5 วัตถุดิบพบปัญหาคุณภาพ | F6: 5.5 เพราะ sensory test ไม่ผ่าน | G6: 6.5 เครื่องจักรที่มีในโรงงานยังไม่รองรับการผลิต | H6: 7.5 ย้ายการผลิตไปลาดกะบัง
A7: CPRAMขอยกเลิก | B7: 1.6 ราคาขายปลีกสูงเกินไป ไม่สามารถจำหน่ายได้ตามต้นทุน | E7: 4.6 Mer/ลูกค้าขอยกเลิกขาย | F7: 5.6 เพราะไม่สามารถหาสาขาที่จะจำหน่ายได้ | G7: 6.6 ติดต้นทุน | H7: 7.6 ทางเมอร์มีเปลี่ยนโครงสร้างใหม่ จึงมีการปรับแผนสินค้าใหม่ด้วย
A8: อื่นๆ | F8: 5.7 เพราะไม่ผ่านวง Food Committee | H8: 7.7 เมอร์แจ้งว่า supplier อีกรายมีสินค้าลักษณะเดียวกัน จึงไม่อยากให้ซ้ำซ้อนกัน
F9: 5.8 เพราะจากการสำรวจผู้บริโภคยอมรับลักษณะปรากฏหรือรสชาติเดิม | H9: 7.8 โรงงานไม่ผ่านเกณฑ์ข้อกำหนด Sainsburry
A13: **เทคนิค คือ สาเหตุ ต้องห้ามใช้ตัวเลข ห้ามเว้นวรรค ห้ามใช้สัญลักษณ์ เช่น วงเล็บ ขีดกลาง

Sheet สาเหตุหยุด"ตามแผน"Yearlyของเก่า
A1: เหตุผลที่หยุดพัฒนา "ตามแผน" | B1: PMA02 | P1: PMA08 | AD1: PMA22 ข้าวเหนียว | AR1: PMA24 | BF1: PMA16 | BT1: PMA19 ข้าวปั้น | CH1: PMA19 chilled | CV1: PMA19 โครงการพิเศษ | DJ1: PMA22 ข้าว Chilled | DX1: PMA22 โครงการพิเศษ | EL1: PMA20 ข้าวFrozen | EZ1: PMA20 เกี๊ยว | FN1: PMA20 ทอด | GB1: PMA06 ทอด | GP1: PMA06 โครงการพิเศษ | HD1: PMA76 โครงการพิเศษ | HR1: non 7-11 โครงการพิเศษ | IF1: ติ่มซำ non-7 ในประเทศ | IT1: ส่งออก โครงการพิเศษ | JH1: ส่่งออก ทีมข้าวFrozen | JV1: ติ่มซำส่งออก | KJ1: Snack ส่งออก | KX1: Total
B2: Jan | C2: Feb | D2: Mar | E2: Apr | F2: May | G2: Jun | H2: Jul | I2: Aug | J2: Sep | K2: Oct | L2: Nov | M2: Dec | N2: Total | O2: % | P2: Jan | Q2: Feb | R2: Mar | S2: Apr | T2: May | U2: Jun | V2: Jul | W2: Aug | X2: Sep | Y2: Oct | Z2: Nov | AA2: Dec | AB2: Total | AC2: % | AD2: Jan | AE2: Feb | AF2: Mar | AG2: Apr | AH2: May | AI2: Jun | AJ2: Jul | AK2: Aug | AL2: Sep | AM2: Oct | AN2: Nov | AO2: Dec | AP2: Total | AQ2: % | AR2: Jan | AS2: Feb | AT2: Mar | AU2: Apr | AV2: May | AW2: Jun | AX2: Jul | AY2: Aug | AZ2: Sep | BA2: Oct | BB2: Nov | BC2: Dec | BD2: Total | BE2: % | BF2: Jan | BG2: Feb | BH2: Mar | BI2: Apr | BJ2: May | BK2: Jun | BL2: Jul | BM2: Aug | BN2: Sep | BO2: Oct | BP2: Nov | BQ2: Dec | BR2: Total | BS2: % | BT2: Jan | BU2: Feb | BV2: Mar | BW2: Apr | BX2: May | BY2: Jun | BZ2: Jul | CA2: Aug | CB2: Sep | CC2: Oct | CD2: Nov | CE2: Dec | CF2: Total | CG2: % | CH2: Jan | CI2: Feb | CJ2: Mar | CK2: Apr | CL2: May | CM2: Jun | CN2: Jul | CO2: Aug | CP2: Sep | CQ2: Oct | CR2: Nov | CS2: Dec | CT2: Total | CU2: % | CV2: Jan | CW2: Feb | CX2: Mar | CY2: Apr | CZ2: May | DA2: Jun | DB2: Jul | DC2: Aug | DD2: Sep | DE2: Oct | DF2: Nov | DG2: Dec | DH2: Total | DI2: % | DJ2: Jan | DK2: Feb | DL2: Mar | DM2: Apr | DN2: May | DO2: Jun | DP2: Jul | DQ2: Aug | DR2: Sep | DS2: Oct | DT2: Nov | DU2: Dec | DV2: Total | DW2: % | DX2: Jan | DY2: Feb | DZ2: Mar | EA2: Apr | EB2: May | EC2: Jun | ED2: Jul | EE2: Aug | EF2: Sep | EG2: Oct | EH2: Nov | EI2: Dec | EJ2: Total | EK2: % | EL2: Jan | EM2: Feb | EN2: Mar | EO2: Apr | EP2: May | EQ2: Jun | ER2: Jul | ES2: Aug | ET2: Sep | EU2: Oct | EV2: Nov | EW2: Dec | EX2: Total | EY2: % | EZ2: Jan | FA2: Feb | FB2: Mar | FC2: Apr | FD2: May | FE2: Jun | FF2: Jul | FG2: Aug | FH2: Sep | FI2: Oct | FJ2: Nov | FK2: Dec | FL2: Total | FM2: % | FN2: Jan | FO2: Feb | FP2: Mar | FQ2: Apr | FR2: May | FS2: Jun | FT2: Jul | FU2: Aug | FV2: Sep | FW2: Oct | FX2: Nov | FY2: Dec | FZ2: Total | GA2: % | GB2: Jan | GC2: Feb | GD2: Mar | GE2: Apr | GF2: May | GG2: Jun | GH2: Jul | GI2: Aug | GJ2: Sep | GK2: Oct | GL2: Nov | GM2: Dec | GN2: Total | GO2: % | GP2: Jan | GQ2: Feb | GR2: Mar | GS2: Apr | GT2: May | GU2: Jun | GV2: Jul | GW2: Aug | GX2: Sep | GY2: Oct | GZ2: Nov | HA2: Dec | HB2: Total | HC2: % | HD2: Jan | HE2: Feb | HF2: Mar | HG2: Apr | HH2: May | HI2: Jun | HJ2: Jul | HK2: Aug | HL2: Sep | HM2: Oct | HN2: Nov | HO2: Dec | HP2: Total | HQ2: % | HR2: Jan | HS2: Feb | HT2: Mar | HU2: Apr | HV2: May | HW2: Jun | HX2: Jul | HY2: Aug | HZ2: Sep | IA2: Oct | IB2: Nov | IC2: Dec | ID2: Total | IE2: % | IF2: Jan | IG2: Feb | IH2: Mar | II2: Apr | IJ2: May | IK2: Jun | IL2: Jul | IM2: Aug | IN2: Sep | IO2: Oct | IP2: Nov | IQ2: Dec | IR2: Total | IS2: % | IT2: Jan | IU2: Feb | IV2: Mar | IW2: Apr | IX2: May | IY2: Jun | IZ2: Jul | JA2: Aug | JB2: Sep | JC2: Oct | JD2: Nov | JE2: Dec | JF2: Total | JG2: % | JH2: Jan | JI2: Feb | JJ2: Mar | JK2: Apr | JL2: May | JM2: Jun | JN2: Jul | JO2: Aug | JP2: Sep | JQ2: Oct | JR2: Nov | JS2: Dec | JT2: Total | JU2: % | JV2: Jan | JW2: Feb | JX2: Mar | JY2: Apr | JZ2: May | KA2: Jun | KB2: Jul | KC2: Aug | KD2: Sep | KE2: Oct | KF2: Nov | KG2: Dec | KH2: Total | KI2: % | KJ2: Jan | KK2: Feb | KL2: Mar | KM2: Apr | KN2: May | KO2: Jun | KP2: Jul | KQ2: Aug | KR2: Sep | KS2: Oct | KT2: Nov | KU2: Dec | KV2: Total | KW2: % | KX2: SKU | KY2: %
A3: 1.มี Concept จาก Mkt CPRAM มาให้ แต่เสนอ Concept แล้วไม่ผ่าน | N3: =SUM(B3:M3) | O3: =N3/N$45% | AB3: =SUM(P3:AA3) | AC3: =AB3/AB$45% | AP3: =SUM(AD3:AO3) | AQ3: =AP3/AP$45% | BD3: =SUM(AR3:BC3) | BE3: =BD3/BD$45% | BR3: =SUM(BF3:BQ3) | BS3: =BR3/BR$45% | CF3: =SUM(BT3:CE3) | CG3: =CF3/CF$45% | CT3: =SUM(CH3:CS3) | CU3: =CT3/CT$45% | DH3: =SUM(CV3:DG3) | DI3: =DH3/DH$45% | DV3: =SUM(DJ3:DU3) | DW3: =DV3/DV$45% | EJ3: =SUM(DX3:EI3) | EK3: =EJ3/EJ$45% | EX3: =SUM(EL3:EW3) | EY3: =EX3/EX$45% | FL3: =SUM(EZ3:FK3) | FM3: =FL3/FL$45% | FZ3: =SUM(FN3:FY3) | GA3: =FZ3/FZ$45% | GN3: =SUM(GB3:GM3) | GO3: =GN3/GN$45% | HB3: =SUM(GP3:HA3) | HC3: =HB3/HB$45% | HP3: =SUM(HD3:HO3) | HQ3: =HP3/HP$45% | ID3: =SUM(HR3:IC3) | IE3: =ID3/ID$45% | IR3: =SUM(IF3:IQ3) | IS3: =IR3/IR$45% | JF3: =SUM(IT3:JE3) | JG3: =JF3/JF$45% | JT3: =SUM(JH3:JS3) | JU3: =JT3/JT$45% | KH3: =SUM(JV3:KG3) | KI3: =KH3/KH$45% | KT3: 0 | KV3: =SUM(KJ3:KU3) | KW3: =KV3/KV$45% | KX3: =N3+AB3+AP3+BD3+BR3+CF3+CT3+DH3+DV3+EJ3+EX3+FZ3+GN3+HB3+HP3+ID3+IR3+JF3+KH3+KV3+JT3 | KY3: =KX3/KX$45%
A4: 1.1 เพราะสินค้าไม่ตรง Concept ที่ Mer หรือ ลูกค้า อยากได้ | N4: =SUM(B4:M4) | AB4: =SUM(P4:AA4) | AP4: =SUM(AD4:AO4) | BD4: =SUM(AR4:BC4) | BR4: =SUM(BF4:BQ4) | CF4: =SUM(BT4:CE4) | CT4: =SUM(CH4:CS4) | DH4: =SUM(CV4:DG4) | DV4: =SUM(DJ4:DU4) | EJ4: =SUM(DX4:EI4) | EX4: =SUM(EL4:EW4) | FL4: =SUM(EZ4:FK4) | FZ4: =SUM(FN4:FY4) | GN4: =SUM(GB4:GM4) | HB4: =SUM(GP4:HA4) | HP4: =SUM(HD4:HO4) | ID4: =SUM(HR4:IC4) | IR4: =SUM(IF4:IQ4) | JF4: =SUM(IT4:JE4) | JT4: =SUM(JH4:JS4) | KH4: =SUM(JV4:KG4) | KV4: =SUM(KJ4:KU4)
A5: 1.2 เพราะสินค้าไม่เหมือน BM | N5: =SUM(B5:M5) | AB5: =SUM(P5:AA5) | AP5: =SUM(AD5:AO5) | BD5: =SUM(AR5:BC5) | BR5: =SUM(BF5:BQ5) | CF5: =SUM(BT5:CE5) | CT5: =SUM(CH5:CS5) | DH5: =SUM(CV5:DG5) | DV5: =SUM(DJ5:DU5) | EJ5: =SUM(DX5:EI5) | EX5: =SUM(EL5:EW5) | FL5: =SUM(EZ5:FK5) | FZ5: =SUM(FN5:FY5) | GN5: =SUM(GB5:GM5) | HB5: =SUM(GP5:HA5) | HP5: =SUM(HD5:HO5) | ID5: =SUM(HR5:IC5) | IR5: =SUM(IF5:IQ5) | JF5: =SUM(IT5:JE5) | JT5: =SUM(JH5:JS5) | KH5: =SUM(JV5:KG5) | KV5: =SUM(KJ5:KU5)
A6: 1.3 เพราะSurvey ลูกค้าแล้วไม่ผ่าน, ไม่น่าสนใจ | N6: =SUM(B6:M6) | AB6: =SUM(P6:AA6) | AP6: =SUM(AD6:AO6) | BD6: =SUM(AR6:BC6) | BR6: =SUM(BF6:BQ6) | CF6: =SUM(BT6:CE6) | CT6: =SUM(CH6:CS6) | DH6: =SUM(CV6:DG6) | DV6: =SUM(DJ6:DU6) | EJ6: =SUM(DX6:EI6) | EX6: =SUM(EL6:EW6) | FL6: =SUM(EZ6:FK6) | FZ6: =SUM(FN6:FY6) | GN6: =SUM(GB6:GM6) | HB6: =SUM(GP6:HA6) | HP6: =SUM(HD6:HO6) | ID6: =SUM(HR6:IC6) | IR6: =SUM(IF6:IQ6) | JF6: =SUM(IT6:JE6) | JT6: =SUM(JH6:JS6) | KH6: =SUM(JV6:KG6) | KV6: =SUM(KJ6:KU6)
A7: 1.4 เพราะ Mer แจ้งว่า Market Share น้อยเกินไป | N7: =SUM(B7:M7) | AB7: =SUM(P7:AA7) | AP7: =SUM(AD7:AO7) | BD7: =SUM(AR7:BC7) | BR7: =SUM(BF7:BQ7) | CF7: =SUM(BT7:CE7) | CT7: =SUM(CH7:CS7) | DH7: =SUM(CV7:DG7) | DV7: =SUM(DJ7:DU7) | EJ7: =SUM(DX7:EI7) | EX7: =SUM(EL7:EW7) | FL7: =SUM(EZ7:FK7) | FZ7: =SUM(FN7:FY7) | GN7: =SUM(GB7:GM7) | HB7: =SUM(GP7:HA7) | HP7: =SUM(HD7:HO7) | ID7: =SUM(HR7:IC7) | IR7: =SUM(IF7:IQ7) | JF7: =SUM(IT7:JE7) | JT7: =SUM(JH7:JS7) | KH7: =SUM(JV7:KG7) | KV7: =SUM(KJ7:KU7)
A8: 1.5 ใกล้เคียงกับสินค้าที่จำหน่าย | N8: =SUM(B8:M8) | AB8: =SUM(P8:AA8) | AP8: =SUM(AD8:AO8) | BD8: =SUM(AR8:BC8) | BR8: =SUM(BF8:BQ8) | CF8: =SUM(BT8:CE8) | CT8: =SUM(CH8:CS8) | DH8: =SUM(CV8:DG8) | DV8: =SUM(DJ8:DU8) | EJ8: =SUM(DX8:EI8) | EX8: =SUM(EL8:EW8) | FL8: =SUM(EZ8:FK8) | FZ8: =SUM(FN8:FY8) | GN8: =SUM(GB8:GM8) | HB8: =SUM(GP8:HA8) | HP8: =SUM(HD8:HO8) | ID8: =SUM(HR8:IC8) | IR8: =SUM(IF8:IQ8) | JF8: =SUM(IT8:JE8) | JT8: =SUM(JH8:JS8) | KH8: =SUM(JV8:KG8) | KV8: =SUM(KJ8:KU8)
A9: 1.6 ราคาขายปลีกสูงเกินไป ไม่สามารถจำหน่ายได้ตามต้นทุน | N9: =SUM(B9:M9) | AB9: =SUM(P9:AA9) | AP9: =SUM(AD9:AO9) | BD9: =SUM(AR9:BC9) | BR9: =SUM(BF9:BQ9) | CF9: =SUM(BT9:CE9) | CT9: =SUM(CH9:CS9) | DH9: =SUM(CV9:DG9) | DV9: =SUM(DJ9:DU9) | EJ9: =SUM(DX9:EI9) | EX9: =SUM(EL9:EW9) | FL9: =SUM(EZ9:FK9) | FZ9: =SUM(FN9:FY9) | GN9: =SUM(GB9:GM9) | HB9: =SUM(GP9:HA9) | HP9: =SUM(HD9:HO9) | ID9: =SUM(HR9:IC9) | IR9: =SUM(IF9:IQ9) | JF9: =SUM(IT9:JE9) | JT9: =SUM(JH9:JS9) | KH9: =SUM(JV9:KG9) | KV9: =SUM(KJ9:KU9)
A10: 2.มี Concept จากลูกค้ามาให้ แต่เสนอ Concept แล้วไม่ผ่าน | N10: =SUM(B10:M10) | O10: =N10/N$45% | AB10: =SUM(P10:AA10) | AC10: =AB10/AB$45% | AP10: =SUM(AD10:AO10) | AQ10: =AP10/AP$45% | BD10: =SUM(AR10:BC10) | BE10: =BD10/BD$45% | BR10: =SUM(BF10:BQ10) | BS10: =BR10/BR$45% | CF10: =SUM(BT10:CE10) | CG10: =CF10/CF$45% | CT10: =SUM(CH10:CS10) | CU10: =CT10/CT$45% | DH10: =SUM(CV10:DG10) | DI10: =DH10/DH$45% | DV10: =SUM(DJ10:DU10) | DW10: =DV10/DV$45% | EJ10: =SUM(DX10:EI10) | EK10: =EJ10/EJ$45% | EX10: =SUM(EL10:EW10) | EY10: =EX10/EX$45% | FL10: =SUM(EZ10:FK10) | FM10: =FL10/FL$45% | FZ10: =SUM(FN10:FY10) | GA10: =FZ10/FZ$45% | GN10: =SUM(GB10:GM10) | GO10: =GN10/GN$45% | HB10: =SUM(GP10:HA10) | HC10: =HB10/HB$45% | HP10: =SUM(HD10:HO10) | HQ10: =HP10/HP$45% | ID10: =SUM(HR10:IC10) | IE10: =ID10/ID$45% | IR10: =SUM(IF10:IQ10) | IS10: =IR10/IR$45% | JF10: =SUM(IT10:JE10) | JG10: =JF10/JF$45% | JT10: =SUM(JH10:JS10) | JU10: =JT10/JT$45% | KH10: =SUM(JV10:KG10) | KI10: =KH10/KH$45% | KV10: =SUM(KJ10:KU10) | KW10: =KV10/KV$45% | KX10: =N10+AB10+AP10+BD10+BR10+CF10+CT10+DH10+DV10+EJ10+EX10+FZ10+GN10+HB10+HP10+ID10+IR10+JF10+KH10+KV10+JT10 | KY10: =KX10/KX$45%
A11: 2.1 เพราะสินค้าไม่ตรง Concept ที่ Mer หรือ ลูกค้า อยากได้ | N11: =SUM(B11:M11) | AB11: =SUM(P11:AA11) | AP11: =SUM(AD11:AO11) | BD11: =SUM(AR11:BC11) | BR11: =SUM(BF11:BQ11) | CF11: =SUM(BT11:CE11) | CT11: =SUM(CH11:CS11) | DH11: =SUM(CV11:DG11) | DV11: =SUM(DJ11:DU11) | EJ11: =SUM(DX11:EI11) | EX11: =SUM(EL11:EW11) | FL11: =SUM(EZ11:FK11) | FZ11: =SUM(FN11:FY11) | GN11: =SUM(GB11:GM11) | HB11: =SUM(GP11:HA11) | HP11: =SUM(HD11:HO11) | ID11: =SUM(HR11:IC11) | IR11: =SUM(IF11:IQ11) | JF11: =SUM(IT11:JE11) | JT11: =SUM(JH11:JS11) | KH11: =SUM(JV11:KG11) | KV11: =SUM(KJ11:KU11)
A12: 2.2 เพราะสินค้าไม่เหมือน BM | N12: =SUM(B12:M12) | AB12: =SUM(P12:AA12) | AP12: =SUM(AD12:AO12) | BD12: =SUM(AR12:BC12) | BR12: =SUM(BF12:BQ12) | CF12: =SUM(BT12:CE12) | CT12: =SUM(CH12:CS12) | DH12: =SUM(CV12:DG12) | DV12: =SUM(DJ12:DU12) | EJ12: =SUM(DX12:EI12) | EX12: =SUM(EL12:EW12) | FL12: =SUM(EZ12:FK12) | FZ12: =SUM(FN12:FY12) | GN12: =SUM(GB12:GM12) | HB12: =SUM(GP12:HA12) | HP12: =SUM(HD12:HO12) | ID12: =SUM(HR12:IC12) | IR12: =SUM(IF12:IQ12) | JF12: =SUM(IT12:JE12) | JT12: =SUM(JH12:JS12) | KH12: =SUM(JV12:KG12) | KV12: =SUM(KJ12:KU12)
A13: 2.3 ใกล้เคียงกับสินค้าที่จำหน่าย | N13: =SUM(B13:M13) | AB13: =SUM(P13:AA13) | AP13: =SUM(AD13:AO13) | BD13: =SUM(AR13:BC13) | BR13: =SUM(BF13:BQ13) | CF13: =SUM(BT13:CE13) | CT13: =SUM(CH13:CS13) | DH13: =SUM(CV13:DG13) | DV13: =SUM(DJ13:DU13) | EJ13: =SUM(DX13:EI13) | EX13: =SUM(EL13:EW13) | FL13: =SUM(EZ13:FK13) | FZ13: =SUM(FN13:FY13) | GN13: =SUM(GB13:GM13) | HB13: =SUM(GP13:HA13) | HP13: =SUM(HD13:HO13) | ID13: =SUM(HR13:IC13) | IR13: =SUM(IF13:IQ13) | JF13: =SUM(IT13:JE13) | JT13: =SUM(JH13:JS13) | KH13: =SUM(JV13:KG13) | KV13: =SUM(KJ13:KU13)
A14: 2.4 ราคาขายปลีกสูงเกินไป ไม่สามารถจำหน่ายได้ตามต้นทุน | N14: =SUM(B14:M14) | AB14: =SUM(P14:AA14) | AP14: =SUM(AD14:AO14) | BD14: =SUM(AR14:BC14) | BR14: =SUM(BF14:BQ14) | CF14: =SUM(BT14:CE14) | CT14: =SUM(CH14:CS14) | DH14: =SUM(CV14:DG14) | DV14: =SUM(DJ14:DU14) | EJ14: =SUM(DX14:EI14) | EX14: =SUM(EL14:EW14) | FL14: =SUM(EZ14:FK14) | FZ14: =SUM(FN14:FY14) | GN14: =SUM(GB14:GM14) | HB14: =SUM(GP14:HA14) | HP14: =SUM(HD14:HO14) | ID14: =SUM(HR14:IC14) | IR14: =SUM(IF14:IQ14) | JF14: =SUM(IT14:JE14) | JT14: =SUM(JH14:JS14) | KH14: =SUM(JV14:KG14) | KV14: =SUM(KJ14:KU14)
A15: 3.ไม่มี Concept แต่เสนอสินค้าแล้วไม่ผ่าน | N15: =SUM(B15:M15) | O15: =N15/N$45% | AB15: =SUM(P15:AA15) | AC15: =AB15/AB$45% | AP15: =SUM(AD15:AO15) | AQ15: =AP15/AP$45% | BD15: =SUM(AR15:BC15) | BE15: =BD15/BD$45% | BR15: =SUM(BF15:BQ15) | BS15: =BR15/BR$45% | CF15: =SUM(BT15:CE15) | CG15: =CF15/CF$45% | CT15: =SUM(CH15:CS15) | CU15: =CT15/CT$45% | DH15: =SUM(CV15:DG15) | DI15: =DH15/DH$45% | DV15: =SUM(DJ15:DU15) | DW15: =DV15/DV$45% | EJ15: =SUM(DX15:EI15) | EK15: =EJ15/EJ$45% | EX15: =SUM(EL15:EW15) | EY15: =EX15/EX$45% | FL15: =SUM(EZ15:FK15) | FM15: =FL15/FL$45% | FZ15: =SUM(FN15:FY15) | GA15: =FZ15/FZ$45% | GN15: =SUM(GB15:GM15) | GO15: =GN15/GN$45% | HB15: =SUM(GP15:HA15) | HC15: =HB15/HB$45% | HP15: =SUM(HD15:HO15) | HQ15: =HP15/HP$45% | ID15: =SUM(HR15:IC15) | IE15: =ID15/ID$45% | IR15: =SUM(IF15:IQ15) | IS15: =IR15/IR$45% | JF15: =SUM(IT15:JE15) | JG15: =JF15/JF$45% | JT15: =SUM(JH15:JS15) | JU15: =JT15/JT$45% | KH15: =SUM(JV15:KG15) | KI15: =KH15/KH$45% | KV15: =SUM(KJ15:KU15) | KW15: =KV15/KV$45% | KX15: =N15+AB15+AP15+BD15+BR15+CF15+CT15+DH15+DV15+EJ15+EX15+FZ15+GN15+HB15+HP15+ID15+IR15+JF15+KH15+KV15+JT15 | KY15: =KX15/KX$45%
A16: 4.ไม่ผ่านในขั้นตอน Screen Test | N16: =SUM(B16:M16) | O16: =N16/N$45% | AB16: =SUM(P16:AA16) | AC16: =AB16/AB$45% | AP16: =SUM(AD16:AO16) | AQ16: =AP16/AP$45% | BD16: =SUM(AR16:BC16) | BE16: =BD16/BD$45% | BR16: =SUM(BF16:BQ16) | BS16: =BR16/BR$45% | CF16: =SUM(BT16:CE16) | CG16: =CF16/CF$45% | CT16: =SUM(CH16:CS16) | CU16: =CT16/CT$45% | DH16: =SUM(CV16:DG16) | DI16: =DH16/DH$45% | DV16: =SUM(DJ16:DU16) | DW16: =DV16/DV$45% | EJ16: =SUM(DX16:EI16) | EK16: =EJ16/EJ$45% | EX16: =SUM(EL16:EW16) | EY16: =EX16/EX$45% | FL16: =SUM(EZ16:FK16) | FM16: =FL16/FL$45% | FZ16: =SUM(FN16:FY16) | GA16: =FZ16/FZ$45% | GN16: =SUM(GB16:GM16) | GO16: =GN16/GN$45% | HB16: =SUM(GP16:HA16) | HC16: =HB16/HB$45% | HP16: =SUM(HD16:HO16) | HQ16: =HP16/HP$45% | ID16: =SUM(HR16:IC16) | IE16: =ID16/ID$45% | IR16: =SUM(IF16:IQ16) | IS16: =IR16/IR$45% | JF16: =SUM(IT16:JE16) | JG16: =JF16/JF$45% | JT16: =SUM(JH16:JS16) | JU16: =JT16/JT$45% | KH16: =SUM(JV16:KG16) | KI16: =KH16/KH$45% | KV16: =SUM(KJ16:KU16) | KW16: =KV16/KV$45% | KX16: =N16+AB16+AP16+BD16+BR16+CF16+CT16+DH16+DV16+EJ16+EX16+FZ16+GN16+HB16+HP16+ID16+IR16+JF16+KH16+KV16+JT16 | KY16: =KX16/KX$45%
A17: 4.1 ต้นทุนวัตถุดิบไม่ผ่าน | N17: =SUM(B17:M17) | AB17: =SUM(P17:AA17) | AP17: =SUM(AD17:AO17) | BD17: =SUM(AR17:BC17) | BR17: =SUM(BF17:BQ17) | CF17: =SUM(BT17:CE17) | CT17: =SUM(CH17:CS17) | DH17: =SUM(CV17:DG17) | DV17: =SUM(DJ17:DU17) | EJ17: =SUM(DX17:EI17) | EX17: =SUM(EL17:EW17) | FL17: =SUM(EZ17:FK17) | FZ17: =SUM(FN17:FY17) | GN17: =SUM(GB17:GM17) | HB17: =SUM(GP17:HA17) | HP17: =SUM(HD17:HO17) | ID17: =SUM(HR17:IC17) | IR17: =SUM(IF17:IQ17) | JF17: =SUM(IT17:JE17) | JT17: =SUM(JH17:JS17) | KH17: =SUM(JV17:KG17) | KV17: =SUM(KJ17:KU17)
A18: 4.2 ต้นทุนแรงงานไม่ผ่าน | N18: =SUM(B18:M18) | AB18: =SUM(P18:AA18) | AP18: =SUM(AD18:AO18) | BD18: =SUM(AR18:BC18) | BR18: =SUM(BF18:BQ18) | CF18: =SUM(BT18:CE18) | CT18: =SUM(CH18:CS18) | DH18: =SUM(CV18:DG18) | DV18: =SUM(DJ18:DU18) | EJ18: =SUM(DX18:EI18) | EX18: =SUM(EL18:EW18) | FL18: =SUM(EZ18:FK18) | FZ18: =SUM(FN18:FY18) | GN18: =SUM(GB18:GM18) | HB18: =SUM(GP18:HA18) | HP18: =SUM(HD18:HO18) | ID18: =SUM(HR18:IC18) | IR18: =SUM(IF18:IQ18) | JF18: =SUM(IT18:JE18) | JT18: =SUM(JH18:JS18) | KH18: =SUM(JV18:KG18) | KV18: =SUM(KJ18:KU18)
A19: 4.3 ต้นทุน packaging ไม่ผ่าน | N19: =SUM(B19:M19) | AB19: =SUM(P19:AA19) | AP19: =SUM(AD19:AO19) | BD19: =SUM(AR19:BC19) | BR19: =SUM(BF19:BQ19) | CF19: =SUM(BT19:CE19) | CT19: =SUM(CH19:CS19) | DH19: =SUM(CV19:DG19) | DV19: =SUM(DJ19:DU19) | EJ19: =SUM(DX19:EI19) | EX19: =SUM(EL19:EW19) | FL19: =SUM(EZ19:FK19) | FZ19: =SUM(FN19:FY19) | GN19: =SUM(GB19:GM19) | HB19: =SUM(GP19:HA19) | HP19: =SUM(HD19:HO19) | ID19: =SUM(HR19:IC19) | IR19: =SUM(IF19:IQ19) | JF19: =SUM(IT19:JE19) | JT19: =SUM(JH19:JS19) | KH19: =SUM(JV19:KG19) | KV19: =SUM(KJ19:KU19)
A20: 4.4 วัตถุดิบ supply ไม่เพียงพอ | N20: =SUM(B20:M20) | AB20: =SUM(P20:AA20) | AP20: =SUM(AD20:AO20) | BD20: =SUM(AR20:BC20) | BR20: =SUM(BF20:BQ20) | CF20: =SUM(BT20:CE20) | CT20: =SUM(CH20:CS20) | DH20: =SUM(CV20:DG20) | DV20: =SUM(DJ20:DU20) | EJ20: =SUM(DX20:EI20) | EX20: =SUM(EL20:EW20) | FL20: =SUM(EZ20:FK20) | FZ20: =SUM(FN20:FY20) | GN20: =SUM(GB20:GM20) | HB20: =SUM(GP20:HA20) | HP20: =SUM(HD20:HO20) | ID20: =SUM(HR20:IC20) | IR20: =SUM(IF20:IQ20) | JF20: =SUM(IT20:JE20) | JT20: =SUM(JH20:JS20) | KH20: =SUM(JV20:KG20) | KV20: =SUM(KJ20:KU20)
A21: 4.5 วัตถุดิบพบปัญหาคุณภาพ | N21: =SUM(B21:M21) | AB21: =SUM(P21:AA21) | AP21: =SUM(AD21:AO21) | BD21: =SUM(AR21:BC21) | BR21: =SUM(BF21:BQ21) | CF21: =SUM(BT21:CE21) | CT21: =SUM(CH21:CS21) | DH21: =SUM(CV21:DG21) | DV21: =SUM(DJ21:DU21) | EJ21: =SUM(DX21:EI21) | EX21: =SUM(EL21:EW21) | FL21: =SUM(EZ21:FK21) | FZ21: =SUM(FN21:FY21) | GN21: =SUM(GB21:GM21) | HB21: =SUM(GP21:HA21) | HP21: =SUM(HD21:HO21) | ID21: =SUM(HR21:IC21) | IR21: =SUM(IF21:IQ21) | JF21: =SUM(IT21:JE21) | JT21: =SUM(JH21:JS21) | KH21: =SUM(JV21:KG21) | KV21: =SUM(KJ21:KU21)
A22: 4.6 Mer/ลูกค้าขอยกเลิกขาย | N22: =SUM(B22:M22) | AB22: =SUM(P22:AA22) | AP22: =SUM(AD22:AO22) | BD22: =SUM(AR22:BC22) | BR22: =SUM(BF22:BQ22) | CF22: =SUM(BT22:CE22) | CT22: =SUM(CH22:CS22) | DH22: =SUM(CV22:DG22) | DV22: =SUM(DJ22:DU22) | EJ22: =SUM(DX22:EI22) | EX22: =SUM(EL22:EW22) | FL22: =SUM(EZ22:FK22) | FZ22: =SUM(FN22:FY22) | GN22: =SUM(GB22:GM22) | HB22: =SUM(GP22:HA22) | HP22: =SUM(HD22:HO22) | ID22: =SUM(HR22:IC22) | IR22: =SUM(IF22:IQ22) | JF22: =SUM(IT22:JE22) | JT22: =SUM(JH22:JS22) | KH22: =SUM(JV22:KG22) | KV22: =SUM(KJ22:KU22)
A23: 5.Mer/ลูกค้าขอยกเลิก | N23: =SUM(B23:M23) | O23: =N23/N$45% | AB23: =SUM(P23:AA23) | AC23: =AB23/AB$45% | AP23: =SUM(AD23:AO23) | AQ23: =AP23/AP$45% | BD23: =SUM(AR23:BC23) | BE23: =BD23/BD$45% | BR23: =SUM(BF23:BQ23) | BS23: =BR23/BR$45% | CF23: =SUM(BT23:CE23) | CG23: =CF23/CF$45% | CT23: =SUM(CH23:CS23) | CU23: =CT23/CT$45% | DH23: =SUM(CV23:DG23) | DI23: =DH23/DH$45% | DV23: =SUM(DJ23:DU23) | DW23: =DV23/DV$45% | EJ23: =SUM(DX23:EI23) | EK23: =EJ23/EJ$45% | EX23: =SUM(EL23:EW23) | EY23: =EX23/EX$45% | FL23: =SUM(EZ23:FK23) | FM23: =FL23/FL$45% | FZ23: =SUM(FN23:FY23) | GA23: =FZ23/FZ$45% | GN23: =SUM(GB23:GM23) | GO23: =GN23/GN$45% | HB23: =SUM(GP23:HA23) | HC23: =HB23/HB$45% | HP23: =SUM(HD23:HO23) | HQ23: =HP23/HP$45% | ID23: =SUM(HR23:IC23) | IE23: =ID23/ID$45% | IR23: =SUM(IF23:IQ23) | IS23: =IR23/IR$45% | JF23: =SUM(IT23:JE23) | JG23: =JF23/JF$45% | JT23: =SUM(JH23:JS23) | JU23: =JT23/JT$45% | KB23: 1 | KH23: =SUM(JV23:KG23) | KI23: =KH23/KH$45% | KP23: 1 | KV23: =SUM(KJ23:KU23) | KW23: =KV23/KV$45% | KX23: =N23+AB23+AP23+BD23+BR23+CF23+CT23+DH23+DV23+EJ23+EX23+FZ23+GN23+HB23+HP23+ID23+IR23+JF23+KH23+KV23+JT23 | KY23: =KX23/KX$45%
A24: 5.1 เพราะราคา RM สูง ทำให้ราคาขายสูง | N24: =SUM(B24:M24) | AB24: =SUM(P24:AA24) | AP24: =SUM(AD24:AO24) | BD24: =SUM(AR24:BC24) | BR24: =SUM(BF24:BQ24) | CF24: =SUM(BT24:CE24) | CT24: =SUM(CH24:CS24) | DH24: =SUM(CV24:DG24) | DV24: =SUM(DJ24:DU24) | EJ24: =SUM(DX24:EI24) | EX24: =SUM(EL24:EW24) | FL24: =SUM(EZ24:FK24) | FZ24: =SUM(FN24:FY24) | GN24: =SUM(GB24:GM24) | HB24: =SUM(GP24:HA24) | HP24: =SUM(HD24:HO24) | ID24: =SUM(HR24:IC24) | IR24: =SUM(IF24:IQ24) | JF24: =SUM(IT24:JE24) | JT24: =SUM(JH24:JS24) | KB24: 1 | KH24: =SUM(JV24:KG24) | KP24: 1 | KV24: =SUM(KJ24:KU24)
A25: 5.2 เพราะเลื่อนขาย ราคาขายปลีกสูง (ช่วงโควิด) | N25: =SUM(B25:M25) | AB25: =SUM(P25:AA25) | AP25: =SUM(AD25:AO25) | BD25: =SUM(AR25:BC25) | BR25: =SUM(BF25:BQ25) | CF25: =SUM(BT25:CE25) | CT25: =SUM(CH25:CS25) | DH25: =SUM(CV25:DG25) | DV25: =SUM(DJ25:DU25) | EJ25: =SUM(DX25:EI25) | EX25: =SUM(EL25:EW25) | FL25: =SUM(EZ25:FK25) | FZ25: =SUM(FN25:FY25) | GN25: =SUM(GB25:GM25) | HB25: =SUM(GP25:HA25) | HP25: =SUM(HD25:HO25) | ID25: =SUM(HR25:IC25) | IR25: =SUM(IF25:IQ25) | JF25: =SUM(IT25:JE25) | JT25: =SUM(JH25:JS25) | KH25: =SUM(JV25:KG25) | KV25: =SUM(KJ25:KU25)
A26: 5.3 เพราะชิมเทียบ Control แล้ว ไม่ต้องการ IMP ระหว่าง Sensory Test | N26: =SUM(B26:M26) | AB26: =SUM(P26:AA26) | AP26: =SUM(AD26:AO26) | BD26: =SUM(AR26:BC26) | BR26: =SUM(BF26:BQ26) | CF26: =SUM(BT26:CE26) | CT26: =SUM(CH26:CS26) | DH26: =SUM(CV26:DG26) | DV26: =SUM(DJ26:DU26) | EJ26: =SUM(DX26:EI26) | EX26: =SUM(EL26:EW26) | FL26: =SUM(EZ26:FK26) | FZ26: =SUM(FN26:FY26) | GN26: =SUM(GB26:GM26) | HB26: =SUM(GP26:HA26) | HP26: =SUM(HD26:HO26) | ID26: =SUM(HR26:IC26) | IR26: =SUM(IF26:IQ26) | JF26: =SUM(IT26:JE26) | JT26: =SUM(JH26:JS26) | KH26: =SUM(JV26:KG26) | KV26: =SUM(KJ26:KU26)
A27: 5.4 เพราะเปลี่ยน Concept ใหม่ | N27: =SUM(B27:M27) | AB27: =SUM(P27:AA27) | AP27: =SUM(AD27:AO27) | BD27: =SUM(AR27:BC27) | BR27: =SUM(BF27:BQ27) | CF27: =SUM(BT27:CE27) | CT27: =SUM(CH27:CS27) | DH27: =SUM(CV27:DG27) | DV27: =SUM(DJ27:DU27) | EJ27: =SUM(DX27:EI27) | EX27: =SUM(EL27:EW27) | FL27: =SUM(EZ27:FK27) | FZ27: =SUM(FN27:FY27) | GN27: =SUM(GB27:GM27) | HB27: =SUM(GP27:HA27) | HP27: =SUM(HD27:HO27) | ID27: =SUM(HR27:IC27) | IR27: =SUM(IF27:IQ27) | JF27: =SUM(IT27:JE27) | JT27: =SUM(JH27:JS27) | KH27: =SUM(JV27:KG27) | KV27: =SUM(KJ27:KU27)
A28: 5.5 เพราะ sensory test ไม่ผ่าน | N28: =SUM(B28:M28) | AB28: =SUM(P28:AA28) | AP28: =SUM(AD28:AO28) | BD28: =SUM(AR28:BC28) | BR28: =SUM(BF28:BQ28) | CF28: =SUM(BT28:CE28) | CT28: =SUM(CH28:CS28) | DH28: =SUM(CV28:DG28) | DV28: =SUM(DJ28:DU28) | EJ28: =SUM(DX28:EI28) | EX28: =SUM(EL28:EW28) | FL28: =SUM(EZ28:FK28) | FZ28: =SUM(FN28:FY28) | GN28: =SUM(GB28:GM28) | HB28: =SUM(GP28:HA28) | HP28: =SUM(HD28:HO28) | ID28: =SUM(HR28:IC28) | IR28: =SUM(IF28:IQ28) | JF28: =SUM(IT28:JE28) | JT28: =SUM(JH28:JS28) | KH28: =SUM(JV28:KG28) | KV28: =SUM(KJ28:KU28)
A29: 5.6 เพราะไม่สามารถหาสาขาที่จะจำหน่ายได้ | N29: =SUM(B29:M29) | AB29: =SUM(P29:AA29) | AP29: =SUM(AD29:AO29) | BD29: =SUM(AR29:BC29) | BR29: =SUM(BF29:BQ29) | CF29: =SUM(BT29:CE29) | CT29: =SUM(CH29:CS29) | DH29: =SUM(CV29:DG29) | DV29: =SUM(DJ29:DU29) | EJ29: =SUM(DX29:EI29) | EX29: =SUM(EL29:EW29) | FL29: =SUM(EZ29:FK29) | FZ29: =SUM(FN29:FY29) | GN29: =SUM(GB29:GM29) | HB29: =SUM(GP29:HA29) | HP29: =SUM(HD29:HO29) | ID29: =SUM(HR29:IC29) | IR29: =SUM(IF29:IQ29) | JF29: =SUM(IT29:JE29) | JT29: =SUM(JH29:JS29) | KH29: =SUM(JV29:KG29) | KV29: =SUM(KJ29:KU29)
A30: 5.7 เพราะไม่ผ่านวง Food Committee | N30: =SUM(B30:M30) | AB30: =SUM(P30:AA30) | AP30: =SUM(AD30:AO30) | BD30: =SUM(AR30:BC30) | BR30: =SUM(BF30:BQ30) | CF30: =SUM(BT30:CE30) | CT30: =SUM(CH30:CS30) | DH30: =SUM(CV30:DG30) | DV30: =SUM(DJ30:DU30) | EJ30: =SUM(DX30:EI30) | EX30: =SUM(EL30:EW30) | FL30: =SUM(EZ30:FK30) | FZ30: =SUM(FN30:FY30) | GN30: =SUM(GB30:GM30) | HB30: =SUM(GP30:HA30) | HP30: =SUM(HD30:HO30) | ID30: =SUM(HR30:IC30) | IR30: =SUM(IF30:IQ30) | JF30: =SUM(IT30:JE30) | JT30: =SUM(JH30:JS30) | KH30: =SUM(JV30:KG30) | KV30: =SUM(KJ30:KU30)
A31: 5.8 เพราะจากการสำรวจผู้บริโภคยอมรับลักษณะปรากฏหรือรสชาติเดิม | N31: =SUM(B31:M31) | AB31: =SUM(P31:AA31) | AP31: =SUM(AD31:AO31) | BD31: =SUM(AR31:BC31) | BR31: =SUM(BF31:BQ31) | CF31: =SUM(BT31:CE31) | CT31: =SUM(CH31:CS31) | DH31: =SUM(CV31:DG31) | DV31: =SUM(DJ31:DU31) | EJ31: =SUM(DX31:EI31) | EX31: =SUM(EL31:EW31) | FL31: =SUM(EZ31:FK31) | FZ31: =SUM(FN31:FY31) | GN31: =SUM(GB31:GM31) | HB31: =SUM(GP31:HA31) | HP31: =SUM(HD31:HO31) | ID31: =SUM(HR31:IC31) | IR31: =SUM(IF31:IQ31) | JF31: =SUM(IT31:JE31) | JT31: =SUM(JH31:JS31) | KH31: =SUM(JV31:KG31) | KV31: =SUM(KJ31:KU31)
A32: 6.CPRAM ขอยกเลิก | N32: =SUM(B32:M32) | O32: =N32/N$45% | AB32: =SUM(P32:AA32) | AC32: =AB32/AB$45% | AP32: =SUM(AD32:AO32) | AQ32: =AP32/AP$45% | BD32: =SUM(AR32:BC32) | BE32: =BD32/BD$45% | BR32: =SUM(BF32:BQ32) | BS32: =BR32/BR$45% | CF32: =SUM(BT32:CE32) | CG32: =CF32/CF$45% | CT32: =SUM(CH32:CS32) | CU32: =CT32/CT$45% | DH32: =SUM(CV32:DG32) | DI32: =DH32/DH$45% | DV32: =SUM(DJ32:DU32) | DW32: =DV32/DV$45% | EJ32: =SUM(DX32:EI32) | EK32: =EJ32/EJ$45% | EX32: =SUM(EL32:EW32) | EY32: =EX32/EX$45% | FL32: =SUM(EZ32:FK32) | FM32: =FL32/FL$45% | FZ32: =SUM(FN32:FY32) | GA32: =FZ32/FZ$45% | GN32: =SUM(GB32:GM32) | GO32: =GN32/GN$45% | HB32: =SUM(GP32:HA32) | HC32: =HB32/HB$45% | HP32: =SUM(HD32:HO32) | HQ32: =HP32/HP$45% | ID32: =SUM(HR32:IC32) | IE32: =ID32/ID$45% | IR32: =SUM(IF32:IQ32) | IS32: =IR32/IR$45% | JF32: =SUM(IT32:JE32) | JG32: =JF32/JF$45% | JT32: =SUM(JH32:JS32) | JU32: =JT32/JT$45% | KH32: =SUM(JV32:KG32) | KI32: =KH32/KH$45% | KV32: =SUM(KJ32:KU32) | KW32: =KV32/KV$45% | KX32: =N32+AB32+AP32+BD32+BR32+CF32+CT32+DH32+DV32+EJ32+EX32+FZ32+GN32+HB32+HP32+ID32+IR32+JF32+KH32+KV32+JT32 | KY32: =KX32/KX$45%
A33: 6.1 โรงงานติดปัญหาด้านแรงงานในการผลิต | N33: =SUM(B33:M33) | AB33: =SUM(P33:AA33) | AP33: =SUM(AD33:AO33) | BD33: =SUM(AR33:BC33) | BR33: =SUM(BF33:BQ33) | CF33: =SUM(BT33:CE33) | CT33: =SUM(CH33:CS33) | DH33: =SUM(CV33:DG33) | DV33: =SUM(DJ33:DU33) | EJ33: =SUM(DX33:EI33) | EX33: =SUM(EL33:EW33) | FL33: =SUM(EZ33:FK33) | FZ33: =SUM(FN33:FY33) | GN33: =SUM(GB33:GM33) | HB33: =SUM(GP33:HA33) | HP33: =SUM(HD33:HO33) | ID33: =SUM(HR33:IC33) | IR33: =SUM(IF33:IQ33) | JF33: =SUM(IT33:JE33) | JT33: =SUM(JH33:JS33) | KH33: =SUM(JV33:KG33) | KV33: =SUM(KJ33:KU33)
A34: 6.2 โรงงานติดปัญหาด้านกระบวนการผลิตซับซ้อน | N34: =SUM(B34:M34) | AB34: =SUM(P34:AA34) | AP34: =SUM(AD34:AO34) | BD34: =SUM(AR34:BC34) | BR34: =SUM(BF34:BQ34) | CF34: =SUM(BT34:CE34) | CT34: =SUM(CH34:CS34) | DH34: =SUM(CV34:DG34) | DV34: =SUM(DJ34:DU34) | EJ34: =SUM(DX34:EI34) | EX34: =SUM(EL34:EW34) | FL34: =SUM(EZ34:FK34) | FZ34: =SUM(FN34:FY34) | GN34: =SUM(GB34:GM34) | HB34: =SUM(GP34:HA34) | HP34: =SUM(HD34:HO34) | ID34: =SUM(HR34:IC34) | IR34: =SUM(IF34:IQ34) | JF34: =SUM(IT34:JE34) | JT34: =SUM(JH34:JS34) | KH34: =SUM(JV34:KG34) | KV34: =SUM(KJ34:KU34)
A35: 6.3 โรงงานติดปัญหาด้าน Capacity เครื่องจักร | N35: =SUM(B35:M35) | AB35: =SUM(P35:AA35) | AP35: =SUM(AD35:AO35) | BD35: =SUM(AR35:BC35) | BR35: =SUM(BF35:BQ35) | CF35: =SUM(BT35:CE35) | CT35: =SUM(CH35:CS35) | DH35: =SUM(CV35:DG35) | DV35: =SUM(DJ35:DU35) | EJ35: =SUM(DX35:EI35) | EX35: =SUM(EL35:EW35) | FL35: =SUM(EZ35:FK35) | FZ35: =SUM(FN35:FY35) | GN35: =SUM(GB35:GM35) | HB35: =SUM(GP35:HA35) | HP35: =SUM(HD35:HO35) | ID35: =SUM(HR35:IC35) | IR35: =SUM(IF35:IQ35) | JF35: =SUM(IT35:JE35) | JT35: =SUM(JH35:JS35) | KH35: =SUM(JV35:KG35) | KV35: =SUM(KJ35:KU35)
A36: 6.4 ติดข้อกำหนดโรงงาน เช่น ข้อกำหนดส่งออก GMP HACCP | N36: =SUM(B36:M36) | AB36: =SUM(P36:AA36) | AP36: =SUM(AD36:AO36) | BD36: =SUM(AR36:BC36) | BR36: =SUM(BF36:BQ36) | CF36: =SUM(BT36:CE36) | CT36: =SUM(CH36:CS36) | DH36: =SUM(CV36:DG36) | DV36: =SUM(DJ36:DU36) | EJ36: =SUM(DX36:EI36) | EX36: =SUM(EL36:EW36) | FL36: =SUM(EZ36:FK36) | FZ36: =SUM(FN36:FY36) | GN36: =SUM(GB36:GM36) | HB36: =SUM(GP36:HA36) | HP36: =SUM(HD36:HO36) | ID36: =SUM(HR36:IC36) | IR36: =SUM(IF36:IQ36) | JF36: =SUM(IT36:JE36) | JT36: =SUM(JH36:JS36) | KH36: =SUM(JV36:KG36) | KV36: =SUM(KJ36:KU36)
A37: 6.5 เครื่องจักรที่มีในโรงงานยังไม่รองรับการผลิต | N37: =SUM(B37:M37) | AB37: =SUM(P37:AA37) | AP37: =SUM(AD37:AO37) | BD37: =SUM(AR37:BC37) | BR37: =SUM(BF37:BQ37) | CF37: =SUM(BT37:CE37) | CT37: =SUM(CH37:CS37) | DH37: =SUM(CV37:DG37) | DV37: =SUM(DJ37:DU37) | EJ37: =SUM(DX37:EI37) | EX37: =SUM(EL37:EW37) | FL37: =SUM(EZ37:FK37) | FZ37: =SUM(FN37:FY37) | GN37: =SUM(GB37:GM37) | HB37: =SUM(GP37:HA37) | HP37: =SUM(HD37:HO37) | ID37: =SUM(HR37:IC37) | IR37: =SUM(IF37:IQ37) | JF37: =SUM(IT37:JE37) | JT37: =SUM(JH37:JS37) | KH37: =SUM(JV37:KG37) | KV37: =SUM(KJ37:KU37)
A38: 7.อื่นๆ | N38: =SUM(B38:M38) | O38: =N38/N$45% | AB38: =SUM(P38:AA38) | AC38: =AB38/AB$45% | AP38: =SUM(AD38:AO38) | AQ38: =AP38/AP$45% | BD38: =SUM(AR38:BC38) | BE38: =BD38/BD$45% | BR38: =SUM(BF38:BQ38) | BS38: =BR38/BR$45% | CF38: =SUM(BT38:CE38) | CG38: =CF38/CF$45% | CT38: =SUM(CH38:CS38) | CU38: =CT38/CT$45% | DH38: =SUM(CV38:DG38) | DI38: =DH38/DH$45% | DV38: =SUM(DJ38:DU38) | DW38: =DV38/DV$45% | EJ38: =SUM(DX38:EI38) | EK38: =EJ38/EJ$45% | EX38: =SUM(EL38:EW38) | EY38: =EX38/EX$45% | FL38: =SUM(EZ38:FK38) | FM38: =FL38/FL$45% | FZ38: =SUM(FN38:FY38) | GA38: =FZ38/FZ$45% | GN38: =SUM(GB38:GM38) | GO38: =GN38/GN$45% | HB38: =SUM(GP38:HA38) | HC38: =HB38/HB$45% | HP38: =SUM(HD38:HO38) | HQ38: =HP38/HP$45% | ID38: =SUM(HR38:IC38) | IE38: =ID38/ID$45% | IR38: =SUM(IF38:IQ38) | IS38: =IR38/IR$45% | JF38: =SUM(IT38:JE38) | JG38: =JF38/JF$45% | JT38: =SUM(JH38:JS38) | JU38: =JT38/JT$45% | KH38: =SUM(JV38:KG38) | KI38: =KH38/KH$45% | KV38: =SUM(KJ38:KU38) | KW38: =KV38/KV$45% | KX38: =N38+AB38+AP38+BD38+BR38+CF38+CT38+DH38+DV38+EJ38+EX38+FZ38+GN38+HB38+HP38+ID38+IR38+JF38+KH38+KV38+JT38 | KY38: =KX38/KX$45%
A39: 7.1 อายุสินค้าไม่ได้ตามความต้องการของลูกค้า (sensory/micro) | N39: =SUM(B39:M39) | AB39: =SUM(P39:AA39) | AP39: =SUM(AD39:AO39) | BD39: =SUM(AR39:BC39) | BR39: =SUM(BF39:BQ39) | CF39: =SUM(BT39:CE39) | CT39: =SUM(CH39:CS39) | DH39: =SUM(CV39:DG39) | DV39: =SUM(DJ39:DU39) | EJ39: =SUM(DX39:EI39) | EX39: =SUM(EL39:EW39) | FL39: =SUM(EZ39:FK39) | FZ39: =SUM(FN39:FY39) | GN39: =SUM(GB39:GM39) | HB39: =SUM(GP39:HA39) | HP39: =SUM(HD39:HO39) | ID39: =SUM(HR39:IC39) | IR39: =SUM(IF39:IQ39) | JF39: =SUM(IT39:JE39) | JT39: =SUM(JH39:JS39) | KH39: =SUM(JV39:KG39) | KV39: =SUM(KJ39:KU39)
A40: 7.2 Hold เพราะสถานการณ์ Covid | N40: =SUM(B40:M40) | AB40: =SUM(P40:AA40) | AP40: =SUM(AD40:AO40) | BD40: =SUM(AR40:BC40) | BR40: =SUM(BF40:BQ40) | CF40: =SUM(BT40:CE40) | CT40: =SUM(CH40:CS40) | DH40: =SUM(CV40:DG40) | DV40: =SUM(DJ40:DU40) | EJ40: =SUM(DX40:EI40) | EX40: =SUM(EL40:EW40) | FL40: =SUM(EZ40:FK40) | FZ40: =SUM(FN40:FY40) | GN40: =SUM(GB40:GM40) | HB40: =SUM(GP40:HA40) | HP40: =SUM(HD40:HO40) | ID40: =SUM(HR40:IC40) | IR40: =SUM(IF40:IQ40) | JF40: =SUM(IT40:JE40) | JT40: =SUM(JH40:JS40) | KH40: =SUM(JV40:KG40) | KV40: =SUM(KJ40:KU40)
A41: 7.3 สินค้าเพื่อจัดแสดงสินค้างาน Event ต่างๆ | N41: =SUM(B41:M41) | AB41: =SUM(P41:AA41) | AP41: =SUM(AD41:AO41) | BD41: =SUM(AR41:BC41) | BR41: =SUM(BF41:BQ41) | CF41: =SUM(BT41:CE41) | CT41: =SUM(CH41:CS41) | DH41: =SUM(CV41:DG41) | DV41: =SUM(DJ41:DU41) | EJ41: =SUM(DX41:EI41) | EX41: =SUM(EL41:EW41) | FL41: =SUM(EZ41:FK41) | FZ41: =SUM(FN41:FY41) | GN41: =SUM(GB41:GM41) | HB41: =SUM(GP41:HA41) | HP41: =SUM(HD41:HO41) | ID41: =SUM(HR41:IC41) | IR41: =SUM(IF41:IQ41) | JF41: =SUM(IT41:JE41) | JT41: =SUM(JH41:JS41) | KH41: =SUM(JV41:KG41) | KV41: =SUM(KJ41:KU41)
A42: 7.4 ทำส่งซีพีแรมลาดกะบัง ไปประกอบเป็น FG | N42: =SUM(B42:M42) | AB42: =SUM(P42:AA42) | AP42: =SUM(AD42:AO42) | BD42: =SUM(AR42:BC42) | BR42: =SUM(BF42:BQ42) | CF42: =SUM(BT42:CE42) | CT42: =SUM(CH42:CS42) | DH42: =SUM(CV42:DG42) | DV42: =SUM(DJ42:DU42) | EJ42: =SUM(DX42:EI42) | EX42: =SUM(EL42:EW42) | FL42: =SUM(EZ42:FK42) | FZ42: =SUM(FN42:FY42) | GN42: =SUM(GB42:GM42) | HB42: =SUM(GP42:HA42) | HP42: =SUM(HD42:HO42) | ID42: =SUM(HR42:IC42) | IR42: =SUM(IF42:IQ42) | JF42: =SUM(IT42:JE42) | JT42: =SUM(JH42:JS42) | KH42: =SUM(JV42:KG42) | KV42: =SUM(KJ42:KU42)
A43: 7.5 ย้ายการผลิตไปลาดกะบัง | N43: =SUM(B43:M43) | AB43: =SUM(P43:AA43) | AP43: =SUM(AD43:AO43) | BD43: =SUM(AR43:BC43) | BR43: =SUM(BF43:BQ43) | CF43: =SUM(BT43:CE43) | CT43: =SUM(CH43:CS43) | DH43: =SUM(CV43:DG43) | DV43: =SUM(DJ43:DU43) | EJ43: =SUM(DX43:EI43) | EX43: =SUM(EL43:EW43) | FL43: =SUM(EZ43:FK43) | FZ43: =SUM(FN43:FY43) | GN43: =SUM(GB43:GM43) | HB43: =SUM(GP43:HA43) | HP43: =SUM(HD43:HO43) | ID43: =SUM(HR43:IC43) | IR43: =SUM(IF43:IQ43) | JF43: =SUM(IT43:JE43) | JT43: =SUM(JH43:JS43) | KH43: =SUM(JV43:KG43) | KV43: =SUM(KJ43:KU43)
A44: 7.6 ทางเมอร์มีเปลี่ยนโครงสร้างใหม่ จึงมีการปรับแผนสินค้าใหม่ด้วย | N44: =SUM(B44:M44) | AB44: =SUM(P44:AA44) | AP44: =SUM(AD44:AO44) | BD44: =SUM(AR44:BC44) | BR44: =SUM(BF44:BQ44) | CF44: =SUM(BT44:CE44) | CT44: =SUM(CH44:CS44) | DH44: =SUM(CV44:DG44) | DV44: =SUM(DJ44:DU44) | EJ44: =SUM(DX44:EI44) | EX44: =SUM(EL44:EW44) | FL44: =SUM(EZ44:FK44) | FZ44: =SUM(FN44:FY44) | GN44: =SUM(GB44:GM44) | HB44: =SUM(GP44:HA44) | HP44: =SUM(HD44:HO44) | ID44: =SUM(HR44:IC44) | IR44: =SUM(IF44:IQ44) | JF44: =SUM(IT44:JE44) | JT44: =SUM(JH44:JS44) | KH44: =SUM(JV44:KG44) | KV44: =SUM(KJ44:KU44)
A45: Total | B45: =B3+B10+B15+B16+B23+B32+B38 | C45: =C3+C10+C15+C16+C23+C32+C38 | D45: =D3+D10+D15+D16+D23+D32+D38 | E45: =E3+E10+E15+E16+E23+E32+E38 | F45: =F3+F10+F15+F16+F23+F32+F38 | G45: =G3+G10+G15+G16+G23+G32+G38 | H45: =H3+H10+H15+H16+H23+H32+H38 | I45: =I3+I10+I15+I16+I23+I32+I38 | ... DV45: =DV3+DV10+DV15+DV16+DV23+DV32+DV38 | DW45: =#REF!+DW16+DW23+DW32+DW38 | DX45: =DX3+DX10+DX15+DX16+DX23+DX32+DX38 | DY45: =DY3+DY10+DY15+DY16+DY23+DY32+DY38 | DZ45: =DZ3+DZ10+DZ15+DZ16+DZ23+DZ32+DZ38 | EA45: =EA3+EA10+EA15+EA16+EA23+EA32+EA38 | EB45: =EB3+EB10+EB15+EB16+EB23+EB32+EB38 | EC45: =EC3+EC10+EC15+EC16+EC23+EC32+EC38 | ED45: =ED3+ED10+ED15+ED16+ED23+ED32+ED38 | EE45: =EE3+EE10+EE15+EE16+EE23+EE32+EE38 | ... KW45: =KW3+KW10+KW15+KW16+KW23+KW32+KW38 | KX45: =N45+AB45+AP45+BD45+BR45+CF45+CT45+DH45+DV45+EJ45+EX45+FZ45+GN45+HB45+HP45+ID45+IR45+JF45+KH45+KV45+JT45 | KY45: =KY3+KY10+KY15+KY16+KY23+KY32+KY38

Sheet สาเหตุหยุด"นอกแผน"Yearlyของเก่า
A1: เหตุผลที่หยุดพัฒนา "นอกแผน" | B1: PMA02 | P1: PMA08 | AD1: PMA22 ข้าวเหนียว | AR1: PMA24 | BF1: PMA16 | BT1: PMA19 ข้าวปั้น | CH1: PMA19 chilled | CV1: PMA19 โครงการพิเศษ | DJ1: PMA22 ข้าว Chilled | DX1: PMA22 โครงการพิเศษ | EL1: PMA20 ข้าวFrozen | EZ1: PMA20 เกี๊ยว | FN1: PMA20 ทอด | GB1: PMA06 ทอด | GP1: PMA06 โครงการพิเศษ | HD1: PMA76 โครงการพิเศษ | HR1: non 7-11 โครงการพิเศษ | IF1: ติ่มซำ non-7 ในประเทศ | IT1: ส่งออก โครงการพิเศษ | JH1: ส่่งออก ทีมข้าวFrozen | JV1: ติ่มซำส่งออก | KJ1: Snack ส่งออก | KX1: Total
B2: Jan | C2: Feb | D2: Mar | E2: Apr | F2: May | G2: Jun | H2: Jul | I2: Aug | J2: Sep | K2: Oct | L2: Nov | M2: Dec | N2: Total | O2: % | P2: Jan | Q2: Feb | R2: Mar | S2: Apr | T2: May | U2: Jun | V2: Jul | W2: Aug | X2: Sep | Y2: Oct | Z2: Nov | AA2: Dec | AB2: Total | AC2: % | AD2: Jan | AE2: Feb | AF2: Mar | AG2: Apr | AH2: May | AI2: Jun | AJ2: Jul | AK2: Aug | AL2: Sep | AM2: Oct | AN2: Nov | AO2: Dec | AP2: Total | AQ2: % | AR2: Jan | AS2: Feb | AT2: Mar | AU2: Apr | AV2: May | AW2: Jun | AX2: Jul | AY2: Aug | AZ2: Sep | BA2: Oct | BB2: Nov | BC2: Dec | BD2: Total | BE2: % | BF2: Jan | BG2: Feb | BH2: Mar | BI2: Apr | BJ2: May | BK2: Jun | BL2: Jul | BM2: Aug | BN2: Sep | BO2: Oct | BP2: Nov | BQ2: Dec | BR2: Total | BS2: % | BT2: Jan | BU2: Feb | BV2: Mar | BW2: Apr | BX2: May | BY2: Jun | BZ2: Jul | CA2: Aug | CB2: Sep | CC2: Oct | CD2: Nov | CE2: Dec | CF2: Total | CG2: % | CH2: Jan | CI2: Feb | CJ2: Mar | CK2: Apr | CL2: May | CM2: Jun | CN2: Jul | CO2: Aug | CP2: Sep | CQ2: Oct | CR2: Nov | CS2: Dec | CT2: Total | CU2: % | CV2: Jan | CW2: Feb | CX2: Mar | CY2: Apr | CZ2: May | DA2: Jun | DB2: Jul | DC2: Aug | DD2: Sep | DE2: Oct | DF2: Nov | DG2: Dec | DH2: Total | DI2: % | DJ2: Jan | DK2: Feb | DL2: Mar | DM2: Apr | DN2: May | DO2: Jun | DP2: Jul | DQ2: Aug | DR2: Sep | DS2: Oct | DT2: Nov | DU2: Dec | DV2: Total | DW2: % | DX2: Jan | DY2: Feb | DZ2: Mar | EA2: Apr | EB2: May | EC2: Jun | ED2: Jul | EE2: Aug | EF2: Sep | EG2: Oct | EH2: Nov | EI2: Dec | EJ2: Total | EK2: % | EL2: Jan | EM2: Feb | EN2: Mar | EO2: Apr | EP2: May | EQ2: Jun | ER2: Jul | ES2: Aug | ET2: Sep | EU2: Oct | EV2: Nov | EW2: Dec | EX2: Total | EY2: % | EZ2: Jan | FA2: Feb | FB2: Mar | FC2: Apr | FD2: May | FE2: Jun | FF2: Jul | FG2: Aug | FH2: Sep | FI2: Oct | FJ2: Nov | FK2: Dec | FL2: Total | FM2: % | FN2: Jan | FO2: Feb | FP2: Mar | FQ2: Apr | FR2: May | FS2: Jun | FT2: Jul | FU2: Aug | FV2: Sep | FW2: Oct | FX2: Nov | FY2: Dec | FZ2: Total | GA2: % | GB2: Jan | GC2: Feb | GD2: Mar | GE2: Apr | GF2: May | GG2: Jun | GH2: Jul | GI2: Aug | GJ2: Sep | GK2: Oct | GL2: Nov | GM2: Dec | GN2: Total | GO2: % | GP2: Jan | GQ2: Feb | GR2: Mar | GS2: Apr | GT2: May | GU2: Jun | GV2: Jul | GW2: Aug | GX2: Sep | GY2: Oct | GZ2: Nov | HA2: Dec | HB2: Total | HC2: % | HD2: Jan | HE2: Feb | HF2: Mar | HG2: Apr | HH2: May | HI2: Jun | HJ2: Jul | HK2: Aug | HL2: Sep | HM2: Oct | HN2: Nov | HO2: Dec | HP2: Total | HQ2: % | HR2: Jan | HS2: Feb | HT2: Mar | HU2: Apr | HV2: May | HW2: Jun | HX2: Jul | HY2: Aug | HZ2: Sep | IA2: Oct | IB2: Nov | IC2: Dec | ID2: Total | IE2: % | IF2: Jan | IG2: Feb | IH2: Mar | II2: Apr | IJ2: May | IK2: Jun | IL2: Jul | IM2: Aug | IN2: Sep | IO2: Oct | IP2: Nov | IQ2: Dec | IR2: Total | IS2: % | IT2: Jan | IU2: Feb | IV2: Mar | IW2: Apr | IX2: May | IY2: Jun | IZ2: Jul | JA2: Aug | JB2: Sep | JC2: Oct | JD2: Nov | JE2: Dec | JF2: Total | JG2: % | JH2: Jan | JI2: Feb | JJ2: Mar | JK2: Apr | JL2: May | JM2: Jun | JN2: Jul | JO2: Aug | JP2: Sep | JQ2: Oct | JR2: Nov | JS2: Dec | JT2: Total | JU2: % | JV2: Jan | JW2: Feb | JX2: Mar | JY2: Apr | JZ2: May | KA2: Jun | KB2: Jul | KC2: Aug | KD2: Sep | KE2: Oct | KF2: Nov | KG2: Dec | KH2: Total | KI2: % | KJ2: Jan | KK2: Feb | KL2: Mar | KM2: Apr | KN2: May | KO2: Jun | KP2: Jul | KQ2: Aug | KR2: Sep | KS2: Oct | KT2: Nov | KU2: Dec | KV2: Total | KW2: % | KX2: SKU | KY2: %
A3: 1.มี Concept จาก Mkt CPRAM มาให้ แต่เสนอ Concept แล้วไม่ผ่าน | N3: =SUM(B3:M3) | O3: =N3/N$46% | AB3: =SUM(P3:AA3) | AC3: =AB3/AB$46% | AP3: =SUM(AD3:AO3) | AQ3: =AP3/AP$46% | AS3: 1 | AU3: 1 | BD3: =SUM(AR3:BC3) | BE3: =BD3/BD$46% | BR3: =SUM(BF3:BQ3) | BS3: =BR3/BR$46% | CF3: =SUM(BT3:CE3) | CG3: =CF3/CF$46% | CT3: =SUM(CH3:CS3) | CU3: =CT3/CT$46% | DH3: =SUM(CV3:DG3) | DI3: =DH3/DH$46% | DV3: =SUM(DJ3:DU3) | DW3: =DV3/DV$46% | EJ3: =SUM(DX3:EI3) | EK3: =EJ3/EJ$46% | EN3: 1 | EO3: 4 | EP3: 6 | EQ3: 1 | ER3: 2 | EX3: =SUM(EL3:EW3) | EY3: =EX3/EX$46% | FL3: =SUM(EZ3:FK3) | FM3: =FL3/FL$46% | FZ3: =SUM(FN3:FY3) | GA3: =FZ3/FZ$46% | GN3: =SUM(GB3:GM3) | GO3: =GN3/GN$46% | GP3: 1 | HB3: =SUM(GP3:HA3) | HC3: =HB3/HB$46% | HP3: =SUM(HD3:HO3) | HQ3: =HP3/HP$46% | ID3: =SUM(HR3:IC3) | IE3: =ID3/ID$46% | IR3: =SUM(IF3:IQ3) | IS3: =IR3/IR$46% | JF3: =SUM(IT3:JE3) | JG3: =JF3/JF$46% | JT3: =SUM(JH3:JS3) | JU3: =JT3/JT$46% | KA3: 4 | KH3: =SUM(JV3:KG3) | KI3: =KH3/KH$46% | KV3: =SUM(KJ3:KU3) | KW3: =KV3/KV$46% | KX3: =N3+AB3+AP3+BD3+BR3+CF3+CT3+DH3+DV3+EJ3+EX3+FZ3+GN3+HB3+HP3+ID3+IR3+JF3+KH3+KV3+JT3 | KY3: =KX3/KX$46%
A4: 1.1 เพราะสินค้าไม่ตรง Concept ที่ Mer หรือ ลูกค้า อยากได้ | N4: =SUM(B4:M4) | AB4: =SUM(P4:AA4) | AP4: =SUM(AD4:AO4) | AS4: 1 | AU4: 1 | BD4: =SUM(AR4:BC4) | BR4: =SUM(BF4:BQ4) | CF4: =SUM(BT4:CE4) | CT4: =SUM(CH4:CS4) | DH4: =SUM(CV4:DG4) | DV4: =SUM(DJ4:DU4) | EJ4: =SUM(DX4:EI4) | EN4: 1 | EO4: 4 | EP4: 6 | EQ4: 1 | ER4: 1 | EX4: =SUM(EL4:EW4) | FL4: =SUM(EZ4:FK4) | FZ4: =SUM(FN4:FY4) | GN4: =SUM(GB4:GM4) | GP4: 1 | HB4: =SUM(GP4:HA4) | HP4: =SUM(HD4:HO4) | ID4: =SUM(HR4:IC4) | IR4: =SUM(IF4:IQ4) | JF4: =SUM(IT4:JE4) | JT4: =SUM(JH4:JS4) | KA4: 4 | KH4: =SUM(JV4:KG4) | KV4: =SUM(KJ4:KU4)
A5: 1.2 เพราะสินค้าไม่เหมือน BM | N5: =SUM(B5:M5) | AB5: =SUM(P5:AA5) | AP5: =SUM(AD5:AO5) | BD5: =SUM(AR5:BC5) | BR5: =SUM(BF5:BQ5) | CF5: =SUM(BT5:CE5) | CT5: =SUM(CH5:CS5) | DH5: =SUM(CV5:DG5) | DV5: =SUM(DJ5:DU5) | EJ5: =SUM(DX5:EI5) | EX5: =SUM(EL5:EW5) | FL5: =SUM(EZ5:FK5) | FZ5: =SUM(FN5:FY5) | GN5: =SUM(GB5:GM5) | HB5: =SUM(GP5:HA5) | HP5: =SUM(HD5:HO5) | ID5: =SUM(HR5:IC5) | IR5: =SUM(IF5:IQ5) | JF5: =SUM(IT5:JE5) | JT5: =SUM(JH5:JS5) | KH5: =SUM(JV5:KG5) | KV5: =SUM(KJ5:KU5)
A6: 1.3 เพราะSurvey ลูกค้าแล้วไม่ผ่าน, ไม่น่าสนใจ | N6: =SUM(B6:M6) | AB6: =SUM(P6:AA6) | AP6: =SUM(AD6:AO6) | BD6: =SUM(AR6:BC6) | BR6: =SUM(BF6:BQ6) | CF6: =SUM(BT6:CE6) | CT6: =SUM(CH6:CS6) | DH6: =SUM(CV6:DG6) | DV6: =SUM(DJ6:DU6) | EJ6: =SUM(DX6:EI6) | EX6: =SUM(EL6:EW6) | FL6: =SUM(EZ6:FK6) | FZ6: =SUM(FN6:FY6) | GN6: =SUM(GB6:GM6) | HB6: =SUM(GP6:HA6) | HP6: =SUM(HD6:HO6) | ID6: =SUM(HR6:IC6) | IR6: =SUM(IF6:IQ6) | JF6: =SUM(IT6:JE6) | JT6: =SUM(JH6:JS6) | KH6: =SUM(JV6:KG6) | KV6: =SUM(KJ6:KU6)
A7: 1.4 เพราะ Mer แจ้งว่า Market Share น้อยเกินไป | N7: =SUM(B7:M7) | AB7: =SUM(P7:AA7) | AP7: =SUM(AD7:AO7) | BD7: =SUM(AR7:BC7) | BR7: =SUM(BF7:BQ7) | CF7: =SUM(BT7:CE7) | CT7: =SUM(CH7:CS7) | DH7: =SUM(CV7:DG7) | DV7: =SUM(DJ7:DU7) | EJ7: =SUM(DX7:EI7) | EX7: =SUM(EL7:EW7) | FL7: =SUM(EZ7:FK7) | FZ7: =SUM(FN7:FY7) | GN7: =SUM(GB7:GM7) | HB7: =SUM(GP7:HA7) | HP7: =SUM(HD7:HO7) | ID7: =SUM(HR7:IC7) | IR7: =SUM(IF7:IQ7) | JF7: =SUM(IT7:JE7) | JT7: =SUM(JH7:JS7) | KH7: =SUM(JV7:KG7) | KV7: =SUM(KJ7:KU7)
A8: 1.5 ใกล้เคียงกับสินค้าที่จำหน่าย | N8: =SUM(B8:M8) | AB8: =SUM(P8:AA8) | AP8: =SUM(AD8:AO8) | BD8: =SUM(AR8:BC8) | BR8: =SUM(BF8:BQ8) | CF8: =SUM(BT8:CE8) | CT8: =SUM(CH8:CS8) | DH8: =SUM(CV8:DG8) | DV8: =SUM(DJ8:DU8) | EJ8: =SUM(DX8:EI8) | EX8: =SUM(EL8:EW8) | FL8: =SUM(EZ8:FK8) | FZ8: =SUM(FN8:FY8) | GN8: =SUM(GB8:GM8) | HB8: =SUM(GP8:HA8) | HP8: =SUM(HD8:HO8) | ID8: =SUM(HR8:IC8) | IR8: =SUM(IF8:IQ8) | JF8: =SUM(IT8:JE8) | JT8: =SUM(JH8:JS8) | KH8: =SUM(JV8:KG8) | KV8: =SUM(KJ8:KU8)
A9: 1.6 ราคาขายปลีกสูงเกินไป ไม่สามารถจำหน่ายได้ตามต้นทุน | N9: =SUM(B9:M9) | AB9: =SUM(P9:AA9) | AP9: =SUM(AD9:AO9) | BD9: =SUM(AR9:BC9) | BR9: =SUM(BF9:BQ9) | CF9: =SUM(BT9:CE9) | CT9: =SUM(CH9:CS9) | DH9: =SUM(CV9:DG9) | DV9: =SUM(DJ9:DU9) | EJ9: =SUM(DX9:EI9) | ER9: 1 | EX9: =SUM(EL9:EW9) | FL9: =SUM(EZ9:FK9) | FZ9: =SUM(FN9:FY9) | GN9: =SUM(GB9:GM9) | HB9: =SUM(GP9:HA9) | HP9: =SUM(HD9:HO9) | ID9: =SUM(HR9:IC9) | IR9: =SUM(IF9:IQ9) | JF9: =SUM(IT9:JE9) | JT9: =SUM(JH9:JS9) | KH9: =SUM(JV9:KG9) | KV9: =SUM(KJ9:KU9)
A10: 2.มี Concept จากลูกค้ามาให้ แต่เสนอ Concept แล้วไม่ผ่าน | N10: =SUM(B10:M10) | O10: =N10/N$46% | AB10: =SUM(P10:AA10) | AC10: =AB10/AB$46% | AP10: =SUM(AD10:AO10) | AQ10: =AP10/AP$46% | BD10: =SUM(AR10:BC10) | BE10: =BD10/BD$46% | BR10: =SUM(BF10:BQ10) | BS10: =BR10/BR$46% | CF10: =SUM(BT10:CE10) | CG10: =CF10/CF$46% | CT10: =SUM(CH10:CS10) | CU10: =CT10/CT$46% | DH10: =SUM(CV10:DG10) | DI10: =DH10/DH$46% | DV10: =SUM(DJ10:DU10) | DW10: =DV10/DV$46% | EJ10: =SUM(DX10:EI10) | EK10: =EJ10/EJ$46% | ER10: 2 | EX10: =SUM(EL10:EW10) | EY10: =EX10/EX$46% | FL10: =SUM(EZ10:FK10) | FM10: =FL10/FL$46% | FZ10: =SUM(FN10:FY10) | GA10: =FZ10/FZ$46% | GN10: =SUM(GB10:GM10) | GO10: =GN10/GN$46% | HB10: =SUM(GP10:HA10) | HC10: =HB10/HB$46% | HP10: =SUM(HD10:HO10) | HQ10: =HP10/HP$46% | ID10: =SUM(HR10:IC10) | IE10: =ID10/ID$46% | IR10: =SUM(IF10:IQ10) | IS10: =IR10/IR$46% | JF10: =SUM(IT10:JE10) | JG10: =JF10/JF$46% | JN10: 3 | JT10: =SUM(JH10:JS10) | JU10: =JT10/JT$46% | JX10: 10 | JY10: 4 | KA10: 3 | KH10: =SUM(JV10:KG10) | KI10: =KH10/KH$46% | KK10: 2 | KL10: 6 | KM10: 1 | KN10: 9 | KV10: =SUM(KJ10:KU10) | KW10: =KV10/KV$46% | KX10: =N10+AB10+AP10+BD10+BR10+CF10+CT10+DH10+DV10+EJ10+EX10+FZ10+GN10+HB10+HP10+ID10+IR10+JF10+KH10+KV10+JT10 | KY10: =KX10/KX$46%
A11: 2.1 เพราะสินค้าไม่ตรง Concept ที่ Mer หรือ ลูกค้า อยากได้ | N11: =SUM(B11:M11) | AB11: =SUM(P11:AA11) | AP11: =SUM(AD11:AO11) | BD11: =SUM(AR11:BC11) | BR11: =SUM(BF11:BQ11) | CF11: =SUM(BT11:CE11) | CT11: =SUM(CH11:CS11) | DH11: =SUM(CV11:DG11) | DV11: =SUM(DJ11:DU11) | EJ11: =SUM(DX11:EI11) | ER11: 2 | EX11: =SUM(EL11:EW11) | FL11: =SUM(EZ11:FK11) | FZ11: =SUM(FN11:FY11) | GN11: =SUM(GB11:GM11) | HB11: =SUM(GP11:HA11) | HP11: =SUM(HD11:HO11) | ID11: =SUM(HR11:IC11) | IR11: =SUM(IF11:IQ11) | JF11: =SUM(IT11:JE11) | JN11: 3 | JT11: =SUM(JH11:JS11) | JX11: 10 | JY11: 4 | KA11: 3 | KH11: =SUM(JV11:KG11) | KK11: 2 | KL11: 6 | KM11: 1 | KN11: 9 | KV11: =SUM(KJ11:KU11)
A12: 2.2 เพราะสินค้าไม่เหมือน BM | N12: =SUM(B12:M12) | AB12: =SUM(P12:AA12) | AP12: =SUM(AD12:AO12) | BD12: =SUM(AR12:BC12) | BR12: =SUM(BF12:BQ12) | CF12: =SUM(BT12:CE12) | CT12: =SUM(CH12:CS12) | DH12: =SUM(CV12:DG12) | DV12: =SUM(DJ12:DU12) | EJ12: =SUM(DX12:EI12) | EX12: =SUM(EL12:EW12) | FL12: =SUM(EZ12:FK12) | FZ12: =SUM(FN12:FY12) | GN12: =SUM(GB12:GM12) | HB12: =SUM(GP12:HA12) | HP12: =SUM(HD12:HO12) | ID12: =SUM(HR12:IC12) | IR12: =SUM(IF12:IQ12) | JF12: =SUM(IT12:JE12) | JT12: =SUM(JH12:JS12) | KH12: =SUM(JV12:KG12) | KV12: =SUM(KJ12:KU12)
A13: 2.3 ใกล้เคียงกับสินค้าที่จำหน่าย | N13: =SUM(B13:M13) | AB13: =SUM(P13:AA13) | AP13: =SUM(AD13:AO13) | BD13: =SUM(AR13:BC13) | BR13: =SUM(BF13:BQ13) | CF13: =SUM(BT13:CE13) | CT13: =SUM(CH13:CS13) | DH13: =SUM(CV13:DG13) | DV13: =SUM(DJ13:DU13) | EJ13: =SUM(DX13:EI13) | EX13: =SUM(EL13:EW13) | FL13: =SUM(EZ13:FK13) | FZ13: =SUM(FN13:FY13) | GN13: =SUM(GB13:GM13) | HB13: =SUM(GP13:HA13) | HP13: =SUM(HD13:HO13) | ID13: =SUM(HR13:IC13) | IR13: =SUM(IF13:IQ13) | JF13: =SUM(IT13:JE13) | JT13: =SUM(JH13:JS13) | KH13: =SUM(JV13:KG13) | KV13: =SUM(KJ13:KU13)
A14: 2.4 ราคาขายปลีกสูงเกินไป ไม่สามารถจำหน่ายได้ตามต้นทุน | N14: =SUM(B14:M14) | AB14: =SUM(P14:AA14) | AP14: =SUM(AD14:AO14) | BD14: =SUM(AR14:BC14) | BR14: =SUM(BF14:BQ14) | CF14: =SUM(BT14:CE14) | CT14: =SUM(CH14:CS14) | DH14: =SUM(CV14:DG14) | DV14: =SUM(DJ14:DU14) | EJ14: =SUM(DX14:EI14) | EX14: =SUM(EL14:EW14) | FL14: =SUM(EZ14:FK14) | FZ14: =SUM(FN14:FY14) | GN14: =SUM(GB14:GM14) | HB14: =SUM(GP14:HA14) | HP14: =SUM(HD14:HO14) | ID14: =SUM(HR14:IC14) | IR14: =SUM(IF14:IQ14) | JF14: =SUM(IT14:JE14) | JT14: =SUM(JH14:JS14) | KH14: =SUM(JV14:KG14) | KV14: =SUM(KJ14:KU14)
A15: 3.ไม่มี Concept แต่เสนอสินค้าแล้วไม่ผ่าน | N15: =SUM(B15:M15) | O15: =N15/N$46% | AB15: =SUM(P15:AA15) | AC15: =AB15/AB$46% | AP15: =SUM(AD15:AO15) | AQ15: =AP15/AP$46% | BD15: =SUM(AR15:BC15) | BE15: =BD15/BD$46% | BR15: =SUM(BF15:BQ15) | BS15: =BR15/BR$46% | CF15: =SUM(BT15:CE15) | CG15: =CF15/CF$46% | CT15: =SUM(CH15:CS15) | CU15: =CT15/CT$46% | DH15: =SUM(CV15:DG15) | DI15: =DH15/DH$46% | DV15: =SUM(DJ15:DU15) | DW15: =DV15/DV$46% | EJ15: =SUM(DX15:EI15) | EK15: =EJ15/EJ$46% | EX15: =SUM(EL15:EW15) | EY15: =EX15/EX$46% | FL15: =SUM(EZ15:FK15) | FM15: =FL15/FL$46% | FZ15: =SUM(FN15:FY15) | GA15: =FZ15/FZ$46% | GN15: =SUM(GB15:GM15) | GO15: =GN15/GN$46% | HB15: =SUM(GP15:HA15) | HC15: =HB15/HB$46% | HP15: =SUM(HD15:HO15) | HQ15: =HP15/HP$46% | ID15: =SUM(HR15:IC15) | IE15: =ID15/ID$46% | IR15: =SUM(IF15:IQ15) | IS15: =IR15/IR$46% | JF15: =SUM(IT15:JE15) | JG15: =JF15/JF$46% | JT15: =SUM(JH15:JS15) | JU15: =JT15/JT$46% | KH15: =SUM(JV15:KG15) | KI15: =KH15/KH$46% | KV15: =SUM(KJ15:KU15) | KW15: =KV15/KV$46% | KX15: =N15+AB15+AP15+BD15+BR15+CF15+CT15+DH15+DV15+EJ15+EX15+FZ15+GN15+HB15+HP15+ID15+IR15+JF15+KH15+KV15+JT15 | KY15: =KX15/KX$46%
A16: 4.ไม่ผ่านในขั้นตอน Screen Test | G16: 1 | N16: =SUM(B16:M16) | O16: =N16/N$46% | AB16: =SUM(P16:AA16) | AC16: =AB16/AB$46% | AP16: =SUM(AD16:AO16) | AQ16: =AP16/AP$46% | AR16: 1 | BD16: =SUM(AR16:BC16) | BE16: =BD16/BD$46% | BR16: =SUM(BF16:BQ16) | BS16: =BR16/BR$46% | CF16: =SUM(BT16:CE16) | CG16: =CF16/CF$46% | CT16: =SUM(CH16:CS16) | CU16: =CT16/CT$46% | DH16: =SUM(CV16:DG16) | DI16: =DH16/DH$46% | DV16: =SUM(DJ16:DU16) | DW16: =DV16/DV$46% | EJ16: =SUM(DX16:EI16) | EK16: =EJ16/EJ$46% | EN16: 2 | ER16: 4 | ES16: 2 | EX16: =SUM(EL16:EW16) | EY16: =EX16/EX$46% | FL16: =SUM(EZ16:FK16) | FM16: =FL16/FL$46% | FZ16: =SUM(FN16:FY16) | GA16: =FZ16/FZ$46% | GN16: =SUM(GB16:GM16) | GO16: =GN16/GN$46% | HB16: =SUM(GP16:HA16) | HC16: =HB16/HB$46% | HP16: =SUM(HD16:HO16) | HQ16: =HP16/HP$46% | HR16: 2 | HW16: 1 | ID16: =SUM(HR16:IC16) | IE16: =ID16/ID$46% | IR16: =SUM(IF16:IQ16) | IS16: =IR16/IR$46% | JF16: =SUM(IT16:JE16) | JG16: =JF16/JF$46% | JT16: =SUM(JH16:JS16) | JU16: =JT16/JT$46% | JX16: 15 | KH16: =SUM(JV16:KG16) | KI16: =KH16/KH$46% | KM16: 1 | KV16: =SUM(KJ16:KU16) | KW16: =KV16/KV$46% | KX16: =N16+AB16+AP16+BD16+BR16+CF16+CT16+DH16+DV16+EJ16+EX16+FZ16+GN16+HB16+HP16+ID16+IR16+JF16+KH16+KV16+JT16 | KY16: =KX16/KX$46%
A17: 4.1 ต้นทุนวัตถุดิบไม่ผ่าน | G17: 1 | N17: =SUM(B17:M17) | AB17: =SUM(P17:AA17) | AP17: =SUM(AD17:AO17) | BD17: =SUM(AR17:BC17) | BR17: =SUM(BF17:BQ17) | CF17: =SUM(BT17:CE17) | CT17: =SUM(CH17:CS17) | DH17: =SUM(CV17:DG17) | DV17: =SUM(DJ17:DU17) | EJ17: =SUM(DX17:EI17) | EN17: 1 | ES17: 2 | EX17: =SUM(EL17:EW17) | FL17: =SUM(EZ17:FK17) | FZ17: =SUM(FN17:FY17) | GN17: =SUM(GB17:GM17) | HB17: =SUM(GP17:HA17) | HP17: =SUM(HD17:HO17) | HR17: 1 | HW17: 1 | ID17: =SUM(HR17:IC17) | IR17: =SUM(IF17:IQ17) | JF17: =SUM(IT17:JE17) | JT17: =SUM(JH17:JS17) | JX17: 15 | KH17: =SUM(JV17:KG17) | KV17: =SUM(KJ17:KU17)
A18: 4.2 ต้นทุนแรงงานไม่ผ่าน | N18: =SUM(B18:M18) | AB18: =SUM(P18:AA18) | AP18: =SUM(AD18:AO18) | BD18: =SUM(AR18:BC18) | BR18: =SUM(BF18:BQ18) | CF18: =SUM(BT18:CE18) | CT18: =SUM(CH18:CS18) | DH18: =SUM(CV18:DG18) | DV18: =SUM(DJ18:DU18) | EJ18: =SUM(DX18:EI18) | EX18: =SUM(EL18:EW18) | FL18: =SUM(EZ18:FK18) | FZ18: =SUM(FN18:FY18) | GN18: =SUM(GB18:GM18) | HB18: =SUM(GP18:HA18) | HP18: =SUM(HD18:HO18) | ID18: =SUM(HR18:IC18) | IR18: =SUM(IF18:IQ18) | JF18: =SUM(IT18:JE18) | JT18: =SUM(JH18:JS18) | KH18: =SUM(JV18:KG18) | KV18: =SUM(KJ18:KU18)
A19: 4.3 ต้นทุน packaging ไม่ผ่าน | N19: =SUM(B19:M19) | AB19: =SUM(P19:AA19) | AP19: =SUM(AD19:AO19) | BD19: =SUM(AR19:BC19) | BR19: =SUM(BF19:BQ19) | CF19: =SUM(BT19:CE19) | CT19: =SUM(CH19:CS19) | DH19: =SUM(CV19:DG19) | DV19: =SUM(DJ19:DU19) | EJ19: =SUM(DX19:EI19) | EX19: =SUM(EL19:EW19) | FL19: =SUM(EZ19:FK19) | FZ19: =SUM(FN19:FY19) | GN19: =SUM(GB19:GM19) | HB19: =SUM(GP19:HA19) | HP19: =SUM(HD19:HO19) | ID19: =SUM(HR19:IC19) | IR19: =SUM(IF19:IQ19) | JF19: =SUM(IT19:JE19) | JT19: =SUM(JH19:JS19) | KH19: =SUM(JV19:KG19) | KV19: =SUM(KJ19:KU19)
A20: 4.4 วัตถุดิบ supply ไม่เพียงพอ | N20: =SUM(B20:M20) | AB20: =SUM(P20:AA20) | AP20: =SUM(AD20:AO20) | AR20: 1 | BD20: =SUM(AR20:BC20) | BR20: =SUM(BF20:BQ20) | CF20: =SUM(BT20:CE20) | CT20: =SUM(CH20:CS20) | DH20: =SUM(CV20:DG20) | DV20: =SUM(DJ20:DU20) | EJ20: =SUM(DX20:EI20) | EX20: =SUM(EL20:EW20) | FL20: =SUM(EZ20:FK20) | FZ20: =SUM(FN20:FY20) | GN20: =SUM(GB20:GM20) | HB20: =SUM(GP20:HA20) | HP20: =SUM(HD20:HO20) | ID20: =SUM(HR20:IC20) | IR20: =SUM(IF20:IQ20) | JF20: =SUM(IT20:JE20) | JT20: =SUM(JH20:JS20) | KH20: =SUM(JV20:KG20) | KM20: 1 | KV20: =SUM(KJ20:KU20)
A21: 4.5 วัตถุดิบพบปัญหาคุณภาพ | N21: =SUM(B21:M21) | AB21: =SUM(P21:AA21) | AP21: =SUM(AD21:AO21) | BD21: =SUM(AR21:BC21) | BR21: =SUM(BF21:BQ21) | CF21: =SUM(BT21:CE21) | CT21: =SUM(CH21:CS21) | DH21: =SUM(CV21:DG21) | DV21: =SUM(DJ21:DU21) | EJ21: =SUM(DX21:EI21) | EX21: =SUM(EL21:EW21) | FL21: =SUM(EZ21:FK21) | FZ21: =SUM(FN21:FY21) | GN21: =SUM(GB21:GM21) | HB21: =SUM(GP21:HA21) | HP21: =SUM(HD21:HO21) | ID21: =SUM(HR21:IC21) | IR21: =SUM(IF21:IQ21) | JF21: =SUM(IT21:JE21) | JT21: =SUM(JH21:JS21) | KH21: =SUM(JV21:KG21) | KV21: =SUM(KJ21:KU21)
A22: 4.6 Mer/ลูกค้าขอยกเลิกขาย | N22: =SUM(B22:M22) | AB22: =SUM(P22:AA22) | AP22: =SUM(AD22:AO22) | BD22: =SUM(AR22:BC22) | BR22: =SUM(BF22:BQ22) | CF22: =SUM(BT22:CE22) | CT22: =SUM(CH22:CS22) | DH22: =SUM(CV22:DG22) | DV22: =SUM(DJ22:DU22) | EJ22: =SUM(DX22:EI22) | EN22: 1 | ER22: 4 | EX22: =SUM(EL22:EW22) | FL22: =SUM(EZ22:FK22) | FZ22: =SUM(FN22:FY22) | GN22: =SUM(GB22:GM22) | HB22: =SUM(GP22:HA22) | HP22: =SUM(HD22:HO22) | HR22: 1 | ID22: =SUM(HR22:IC22) | IR22: =SUM(IF22:IQ22) | JF22: =SUM(IT22:JE22) | JT22: =SUM(JH22:JS22) | KH22: =SUM(JV22:KG22) | KV22: =SUM(KJ22:KU22)
A23: 5.Mer/ลูกค้าขอยกเลิก | N23: =SUM(B23:M23) | O23: =N23/N$46% | AB23: =SUM(P23:AA23) | AC23: =AB23/AB$46% | AP23: =SUM(AD23:AO23) | AQ23: =AP23/AP$46% | AU23: 2 | AY23: 6 | BD23: =SUM(AR23:BC23) | BE23: =BD23/BD$46% | BR23: =SUM(BF23:BQ23) | BS23: =BR23/BR$46% | BU23: 1 | CF23: =SUM(BT23:CE23) | CG23: =CF23/CF$46% | CT23: =SUM(CH23:CS23) | CU23: =CT23/CT$46% | DH23: =SUM(CV23:DG23) | DI23: =DH23/DH$46% | DV23: =SUM(DJ23:DU23) | DW23: =DV23/DV$46% | EJ23: =SUM(DX23:EI23) | EK23: =EJ23/EJ$46% | ES23: 3 | EX23: =SUM(EL23:EW23) | EY23: =EX23/EX$46% | FL23: =SUM(EZ23:FK23) | FM23: =FL23/FL$46% | FZ23: =SUM(FN23:FY23) | GA23: =FZ23/FZ$46% | GN23: =SUM(GB23:GM23) | GO23: =GN23/GN$46% | GP23: 1 | GT23: 1 | GW23: 1 | HB23: =SUM(GP23:HA23) | HC23: =HB23/HB$46% | HP23: =SUM(HD23:HO23) | HQ23: =HP23/HP$46% | ID23: =SUM(HR23:IC23) | IE23: =ID23/ID$46% | IR23: =SUM(IF23:IQ23) | IS23: =IR23/IR$46% | JF23: =SUM(IT23:JE23) | JG23: =JF23/JF$46% | JT23: =SUM(JH23:JS23) | JU23: =JT23/JT$46% | JY23: 2 | KB23: 2 | KH23: =SUM(JV23:KG23) | KI23: =KH23/KH$46% | KK23: 8 | KL23: 1 | KM23: 4 | KO23: 9 | KQ23: 1 | KV23: =SUM(KJ23:KU23) | KW23: =KV23/KV$46% | KX23: =N23+AB23+AP23+BD23+BR23+CF23+CT23+DH23+DV23+EJ23+EX23+FZ23+GN23+HB23+HP23+ID23+IR23+JF23+KH23+KV23+JT23 | KY23: =KX23/KX$46%
A24: 5.1 เพราะราคา RM สูง ทำให้ราคาขายสูง | N24: =SUM(B24:M24) | AB24: =SUM(P24:AA24) | AP24: =SUM(AD24:AO24) | AY24: 2 | BD24: =SUM(AR24:BC24) | BR24: =SUM(BF24:BQ24) | CF24: =SUM(BT24:CE24) | CT24: =SUM(CH24:CS24) | DH24: =SUM(CV24:DG24) | DV24: =SUM(DJ24:DU24) | EJ24: =SUM(DX24:EI24) | EX24: =SUM(EL24:EW24) | FL24: =SUM(EZ24:FK24) | FZ24: =SUM(FN24:FY24) | GN24: =SUM(GB24:GM24) | GT24: 1 | GW24: 1 | HB24: =SUM(GP24:HA24) | HP24: =SUM(HD24:HO24) | ID24: =SUM(HR24:IC24) | IR24: =SUM(IF24:IQ24) | JF24: =SUM(IT24:JE24) | JT24: =SUM(JH24:JS24) | JY24: 2 | KB24: 2 | KH24: =SUM(JV24:KG24) | KK24: 7 | KL24: 1 | KM24: 4 | KO24: 9 | KQ24: 1 | KV24: =SUM(KJ24:KU24)
A25: 5.2 เพราะเลื่อนขาย ราคาขายปลีกสูง (ช่วงโควิด) | N25: =SUM(B25:M25) | AB25: =SUM(P25:AA25) | AP25: =SUM(AD25:AO25) | BD25: =SUM(AR25:BC25) | BR25: =SUM(BF25:BQ25) | CF25: =SUM(BT25:CE25) | CT25: =SUM(CH25:CS25) | DH25: =SUM(CV25:DG25) | DV25: =SUM(DJ25:DU25) | EJ25: =SUM(DX25:EI25) | EX25: =SUM(EL25:EW25) | FL25: =SUM(EZ25:FK25) | FZ25: =SUM(FN25:FY25) | GN25: =SUM(GB25:GM25) | HB25: =SUM(GP25:HA25) | HP25: =SUM(HD25:HO25) | ID25: =SUM(HR25:IC25) | IR25: =SUM(IF25:IQ25) | JF25: =SUM(IT25:JE25) | JT25: =SUM(JH25:JS25) | KH25: =SUM(JV25:KG25) | KV25: =SUM(KJ25:KU25)
A26: 5.3 เพราะชิมเทียบ Control แล้ว ไม่ต้องการ IMP ระหว่าง Sensory Test | N26: =SUM(B26:M26) | AB26: =SUM(P26:AA26) | AP26: =SUM(AD26:AO26) | BD26: =SUM(AR26:BC26) | BR26: =SUM(BF26:BQ26) | CF26: =SUM(BT26:CE26) | CT26: =SUM(CH26:CS26) | DH26: =SUM(CV26:DG26) | DV26: =SUM(DJ26:DU26) | EJ26: =SUM(DX26:EI26) | EX26: =SUM(EL26:EW26) | FL26: =SUM(EZ26:FK26) | FZ26: =SUM(FN26:FY26) | GN26: =SUM(GB26:GM26) | HB26: =SUM(GP26:HA26) | HP26: =SUM(HD26:HO26) | ID26: =SUM(HR26:IC26) | IR26: =SUM(IF26:IQ26) | JF26: =SUM(IT26:JE26) | JT26: =SUM(JH26:JS26) | KH26: =SUM(JV26:KG26) | KK26: 1 | KV26: =SUM(KJ26:KU26)
A27: 5.4 เพราะเปลี่ยน Concept ใหม่ | N27: =SUM(B27:M27) | AB27: =SUM(P27:AA27) | AP27: =SUM(AD27:AO27) | AU27: 1 | AY27: 3 | BD27: =SUM(AR27:BC27) | BR27: =SUM(BF27:BQ27) | CF27: =SUM(BT27:CE27) | CT27: =SUM(CH27:CS27) | DH27: =SUM(CV27:DG27) | DV27: =SUM(DJ27:DU27) | EJ27: =SUM(DX27:EI27) | ES27: 3 | EX27: =SUM(EL27:EW27) | FL27: =SUM(EZ27:FK27) | FZ27: =SUM(FN27:FY27) | GN27: =SUM(GB27:GM27) | GP27: 1 | HB27: =SUM(GP27:HA27) | HP27: =SUM(HD27:HO27) | ID27: =SUM(HR27:IC27) | IR27: =SUM(IF27:IQ27) | JF27: =SUM(IT27:JE27) | JT27: =SUM(JH27:JS27) | KH27: =SUM(JV27:KG27) | KV27: =SUM(KJ27:KU27)
A28: 5.5 เพราะ sensory test ไม่ผ่าน | N28: =SUM(B28:M28) | AB28: =SUM(P28:AA28) | AP28: =SUM(AD28:AO28) | BD28: =SUM(AR28:BC28) | BR28: =SUM(BF28:BQ28) | CF28: =SUM(BT28:CE28) | CT28: =SUM(CH28:CS28) | DH28: =SUM(CV28:DG28) | DV28: =SUM(DJ28:DU28) | EJ28: =SUM(DX28:EI28) | EX28: =SUM(EL28:EW28) | FL28: =SUM(EZ28:FK28) | FZ28: =SUM(FN28:FY28) | GN28: =SUM(GB28:GM28) | HB28: =SUM(GP28:HA28) | HP28: =SUM(HD28:HO28) | ID28: =SUM(HR28:IC28) | IR28: =SUM(IF28:IQ28) | JF28: =SUM(IT28:JE28) | JT28: =SUM(JH28:JS28) | KH28: =SUM(JV28:KG28) | KV28: =SUM(KJ28:KU28)
A29: 5.6 เพราะไม่สามารถหาสาขาที่จะจำหน่ายได้ | N29: =SUM(B29:M29) | AB29: =SUM(P29:AA29) | AP29: =SUM(AD29:AO29) | BD29: =SUM(AR29:BC29) | BR29: =SUM(BF29:BQ29) | CF29: =SUM(BT29:CE29) | CT29: =SUM(CH29:CS29) | DH29: =SUM(CV29:DG29) | DV29: =SUM(DJ29:DU29) | EJ29: =SUM(DX29:EI29) | EX29: =SUM(EL29:EW29) | FL29: =SUM(EZ29:FK29) | FZ29: =SUM(FN29:FY29) | GN29: =SUM(GB29:GM29) | HB29: =SUM(GP29:HA29) | HP29: =SUM(HD29:HO29) | ID29: =SUM(HR29:IC29) | IR29: =SUM(IF29:IQ29) | JF29: =SUM(IT29:JE29) | JT29: =SUM(JH29:JS29) | KH29: =SUM(JV29:KG29) | KV29: =SUM(KJ29:KU29)
A30: 5.7 เพราะไม่ผ่านวง Food Committee | N30: =SUM(B30:M30) | AB30: =SUM(P30:AA30) | AP30: =SUM(AD30:AO30) | AU30: 1 | AY30: 1 | BD30: =SUM(AR30:BC30) | BR30: =SUM(BF30:BQ30) | CF30: =SUM(BT30:CE30) | CT30: =SUM(CH30:CS30) | DH30: =SUM(CV30:DG30) | DV30: =SUM(DJ30:DU30) | EJ30: =SUM(DX30:EI30) | EX30: =SUM(EL30:EW30) | FL30: =SUM(EZ30:FK30) | FZ30: =SUM(FN30:FY30) | GN30: =SUM(GB30:GM30) | HB30: =SUM(GP30:HA30) | HP30: =SUM(HD30:HO30) | ID30: =SUM(HR30:IC30) | IR30: =SUM(IF30:IQ30) | JF30: =SUM(IT30:JE30) | JT30: =SUM(JH30:JS30) | KH30: =SUM(JV30:KG30) | KV30: =SUM(KJ30:KU30)
A31: 5.8 เพราะจากการสำรวจผู้บริโภคยอมรับลักษณะปรากฏหรือรสชาติเดิม | N31: =SUM(B31:M31) | AB31: =SUM(P31:AA31) | AP31: =SUM(AD31:AO31) | BD31: =SUM(AR31:BC31) | BR31: =SUM(BF31:BQ31) | BU31: 1 | CF31: =SUM(BT31:CE31) | CT31: =SUM(CH31:CS31) | DH31: =SUM(CV31:DG31) | DV31: =SUM(DJ31:DU31) | EJ31: =SUM(DX31:EI31) | EX31: =SUM(EL31:EW31) | FL31: =SUM(EZ31:FK31) | FZ31: =SUM(FN31:FY31) | GN31: =SUM(GB31:GM31) | HB31: =SUM(GP31:HA31) | HP31: =SUM(HD31:HO31) | ID31: =SUM(HR31:IC31) | IR31: =SUM(IF31:IQ31) | JF31: =SUM(IT31:JE31) | JT31: =SUM(JH31:JS31) | KH31: =SUM(JV31:KG31) | KV31: =SUM(KJ31:KU31)
A32: 6.CPRAM ขอยกเลิก | N32: =SUM(B32:M32) | O32: =N32/N$46% | AB32: =SUM(P32:AA32) | AC32: =AB32/AB$46% | AP32: =SUM(AD32:AO32) | AQ32: =AP32/AP$46% | BD32: =SUM(AR32:BC32) | BE32: =BD32/BD$46% | BR32: =SUM(BF32:BQ32) | BS32: =BR32/BR$46% | CF32: =SUM(BT32:CE32) | CG32: =CF32/CF$46% | CT32: =SUM(CH32:CS32) | CU32: =CT32/CT$46% | DH32: =SUM(CV32:DG32) | DI32: =DH32/DH$46% | DV32: =SUM(DJ32:DU32) | DW32: =DV32/DV$46% | EJ32: =SUM(DX32:EI32) | EK32: =EJ32/EJ$46% | EX32: =SUM(EL32:EW32) | EY32: =EX32/EX$46% | FL32: =SUM(EZ32:FK32) | FM32: =FL32/FL$46% | FZ32: =SUM(FN32:FY32) | GA32: =FZ32/FZ$46% | GN32: =SUM(GB32:GM32) | GO32: =GN32/GN$46% | HB32: =SUM(GP32:HA32) | HC32: =HB32/HB$46% | HP32: =SUM(HD32:HO32) | HQ32: =HP32/HP$46% | ID32: =SUM(HR32:IC32) | IE32: =ID32/ID$46% | IR32: =SUM(IF32:IQ32) | IS32: =IR32/IR$46% | JF32: =SUM(IT32:JE32) | JG32: =JF32/JF$46% | JT32: =SUM(JH32:JS32) | JU32: =JT32/JT$46% | KH32: =SUM(JV32:KG32) | KI32: =KH32/KH$46% | KV32: =SUM(KJ32:KU32) | KW32: =KV32/KV$46% | KX32: =N32+AB32+AP32+BD32+BR32+CF32+CT32+DH32+DV32+EJ32+EX32+FZ32+GN32+HB32+HP32+ID32+IR32+JF32+KH32+KV32+JT32 | KY32: =KX32/KX$46%
A33: 6.1 โรงงานติดปัญหาด้านแรงงานในการผลิต | N33: =SUM(B33:M33) | AB33: =SUM(P33:AA33) | AP33: =SUM(AD33:AO33) | BD33: =SUM(AR33:BC33) | BR33: =SUM(BF33:BQ33) | CF33: =SUM(BT33:CE33) | CT33: =SUM(CH33:CS33) | DH33: =SUM(CV33:DG33) | DV33: =SUM(DJ33:DU33) | EJ33: =SUM(DX33:EI33) | EX33: =SUM(EL33:EW33) | FL33: =SUM(EZ33:FK33) | FZ33: =SUM(FN33:FY33) | GN33: =SUM(GB33:GM33) | HB33: =SUM(GP33:HA33) | HP33: =SUM(HD33:HO33) | ID33: =SUM(HR33:IC33) | IR33: =SUM(IF33:IQ33) | JF33: =SUM(IT33:JE33) | JT33: =SUM(JH33:JS33) | KH33: =SUM(JV33:KG33) | KV33: =SUM(KJ33:KU33)
A34: 6.2 โรงงานติดปัญหาด้านกระบวนการผลิตซับซ้อน | N34: =SUM(B34:M34) | AB34: =SUM(P34:AA34) | AP34: =SUM(AD34:AO34) | BD34: =SUM(AR34:BC34) | BR34: =SUM(BF34:BQ34) | CF34: =SUM(BT34:CE34) | CT34: =SUM(CH34:CS34) | DH34: =SUM(CV34:DG34) | DV34: =SUM(DJ34:DU34) | EJ34: =SUM(DX34:EI34) | EX34: =SUM(EL34:EW34) | FL34: =SUM(EZ34:FK34) | FZ34: =SUM(FN34:FY34) | GN34: =SUM(GB34:GM34) | HB34: =SUM(GP34:HA34) | HP34: =SUM(HD34:HO34) | ID34: =SUM(HR34:IC34) | IR34: =SUM(IF34:IQ34) | JF34: =SUM(IT34:JE34) | JT34: =SUM(JH34:JS34) | KH34: =SUM(JV34:KG34) | KV34: =SUM(KJ34:KU34)
A35: 6.3 โรงงานติดปัญหาด้าน Capacity เครื่องจักร | N35: =SUM(B35:M35) | AB35: =SUM(P35:AA35) | AP35: =SUM(AD35:AO35) | BD35: =SUM(AR35:BC35) | BR35: =SUM(BF35:BQ35) | CF35: =SUM(BT35:CE35) | CT35: =SUM(CH35:CS35) | DH35: =SUM(CV35:DG35) | DV35: =SUM(DJ35:DU35) | EJ35: =SUM(DX35:EI35) | EX35: =SUM(EL35:EW35) | FL35: =SUM(EZ35:FK35) | FZ35: =SUM(FN35:FY35) | GN35: =SUM(GB35:GM35) | HB35: =SUM(GP35:HA35) | HP35: =SUM(HD35:HO35) | ID35: =SUM(HR35:IC35) | IR35: =SUM(IF35:IQ35) | JF35: =SUM(IT35:JE35) | JT35: =SUM(JH35:JS35) | KH35: =SUM(JV35:KG35) | KV35: =SUM(KJ35:KU35)
A36: 6.4 ติดข้อกำหนดโรงงาน เช่น ข้อกำหนดส่งออก GMP HACCP | N36: =SUM(B36:M36) | AB36: =SUM(P36:AA36) | AP36: =SUM(AD36:AO36) | BD36: =SUM(AR36:BC36) | BR36: =SUM(BF36:BQ36) | CF36: =SUM(BT36:CE36) | CT36: =SUM(CH36:CS36) | DH36: =SUM(CV36:DG36) | DV36: =SUM(DJ36:DU36) | EJ36: =SUM(DX36:EI36) | EX36: =SUM(EL36:EW36) | FL36: =SUM(EZ36:FK36) | FZ36: =SUM(FN36:FY36) | GN36: =SUM(GB36:GM36) | HB36: =SUM(GP36:HA36) | HP36: =SUM(HD36:HO36) | ID36: =SUM(HR36:IC36) | IR36: =SUM(IF36:IQ36) | JF36: =SUM(IT36:JE36) | JT36: =SUM(JH36:JS36) | KH36: =SUM(JV36:KG36) | KV36: =SUM(KJ36:KU36)
A37: 6.5 เครื่องจักรที่มีในโรงงานยังไม่รองรับการผลิต | N37: =SUM(B37:M37) | AB37: =SUM(P37:AA37) | AP37: =SUM(AD37:AO37) | BD37: =SUM(AR37:BC37) | BR37: =SUM(BF37:BQ37) | CF37: =SUM(BT37:CE37) | CT37: =SUM(CH37:CS37) | DH37: =SUM(CV37:DG37) | DV37: =SUM(DJ37:DU37) | EJ37: =SUM(DX37:EI37) | EX37: =SUM(EL37:EW37) | FL37: =SUM(EZ37:FK37) | FZ37: =SUM(FN37:FY37) | GN37: =SUM(GB37:GM37) | HB37: =SUM(GP37:HA37) | HP37: =SUM(HD37:HO37) | ID37: =SUM(HR37:IC37) | IR37: =SUM(IF37:IQ37) | JF37: =SUM(IT37:JE37) | JT37: =SUM(JH37:JS37) | KH37: =SUM(JV37:KG37) | KV37: =SUM(KJ37:KU37)
A38: 7.อื่นๆ | N38: =SUM(B38:M38) | O38: =N38/N$46% | AB38: =SUM(P38:AA38) | AC38: =AB38/AB$46% | AP38: =SUM(AD38:AO38) | AQ38: =AP38/AP$46% | BD38: =SUM(AR38:BC38) | BE38: =BD38/BD$46% | BR38: =SUM(BF38:BQ38) | BS38: =BR38/BR$46% | CF38: =SUM(BT38:CE38) | CG38: =CF38/CF$46% | CT38: =SUM(CH38:CS38) | CU38: =CT38/CT$46% | CV38: 6 | DH38: =SUM(CV38:DG38) | DI38: =DH38/DH$46% | DV38: =SUM(DJ38:DU38) | DW38: =DV38/DV$46% | EJ38: =SUM(DX38:EI38) | EK38: =EJ38/EJ$46% | EL38: 1 | EM38: 1 | EX38: =SUM(EL38:EW38) | EY38: =EX38/EX$46% | FL38: =SUM(EZ38:FK38) | FM38: =FL38/FL$46% | FZ38: =SUM(FN38:FY38) | GA38: =FZ38/FZ$46% | GN38: =SUM(GB38:GM38) | GO38: =GN38/GN$46% | HB38: =SUM(GP38:HA38) | HC38: =HB38/HB$46% | HP38: =SUM(HD38:HO38) | HQ38: =HP38/HP$46% | ID38: =SUM(HR38:IC38) | IE38: =ID38/ID$46% | IR38: =SUM(IF38:IQ38) | IS38: =IR38/IR$46% | JF38: =SUM(IT38:JE38) | JG38: =JF38/JF$46% | JT38: =SUM(JH38:JS38) | JU38: =JT38/JT$46% | KH38: =SUM(JV38:KG38) | KI38: =KH38/KH$46% | KV38: =SUM(KJ38:KU38) | KW38: =KV38/KV$46% | KX38: =N38+AB38+AP38+BD38+BR38+CF38+CT38+DH38+DV38+EJ38+EX38+FZ38+GN38+HB38+HP38+ID38+IR38+JF38+KH38+KV38+JT38 | KY38: =KX38/KX$46%
A39: 7.1 อายุสินค้าไม่ได้ตามความต้องการของลูกค้า (sensory/micro) | N39: =SUM(B39:M39) | AB39: =SUM(P39:AA39) | AP39: =SUM(AD39:AO39) | BD39: =SUM(AR39:BC39) | BR39: =SUM(BF39:BQ39) | CF39: =SUM(BT39:CE39) | CT39: =SUM(CH39:CS39) | DH39: =SUM(CV39:DG39) | DV39: =SUM(DJ39:DU39) | EJ39: =SUM(DX39:EI39) | EX39: =SUM(EL39:EW39) | FL39: =SUM(EZ39:FK39) | FZ39: =SUM(FN39:FY39) | GN39: =SUM(GB39:GM39) | HB39: =SUM(GP39:HA39) | HP39: =SUM(HD39:HO39) | ID39: =SUM(HR39:IC39) | IR39: =SUM(IF39:IQ39) | JF39: =SUM(IT39:JE39) | JT39: =SUM(JH39:JS39) | KH39: =SUM(JV39:KG39) | KV39: =SUM(KJ39:KU39)
A40: 7.2 Hold เพราะสถานการณ์ Covid | N40: =SUM(B40:M40) | AB40: =SUM(P40:AA40) | AP40: =SUM(AD40:AO40) | BD40: =SUM(AR40:BC40) | BR40: =SUM(BF40:BQ40) | CF40: =SUM(BT40:CE40) | CT40: =SUM(CH40:CS40) | DH40: =SUM(CV40:DG40) | DV40: =SUM(DJ40:DU40) | EJ40: =SUM(DX40:EI40) | EX40: =SUM(EL40:EW40) | FL40: =SUM(EZ40:FK40) | FZ40: =SUM(FN40:FY40) | GN40: =SUM(GB40:GM40) | HB40: =SUM(GP40:HA40) | HP40: =SUM(HD40:HO40) | ID40: =SUM(HR40:IC40) | IR40: =SUM(IF40:IQ40) | JF40: =SUM(IT40:JE40) | JT40: =SUM(JH40:JS40) | KH40: =SUM(JV40:KG40) | KV40: =SUM(KJ40:KU40)
A41: 7.3 สินค้าเพื่อจัดแสดงสินค้างาน Event ต่างๆ | N41: =SUM(B41:M41) | AB41: =SUM(P41:AA41) | AP41: =SUM(AD41:AO41) | BD41: =SUM(AR41:BC41) | BR41: =SUM(BF41:BQ41) | CF41: =SUM(BT41:CE41) | CT41: =SUM(CH41:CS41) | DH41: =SUM(CV41:DG41) | DV41: =SUM(DJ41:DU41) | EJ41: =SUM(DX41:EI41) | EX41: =SUM(EL41:EW41) | FL41: =SUM(EZ41:FK41) | FZ41: =SUM(FN41:FY41) | GN41: =SUM(GB41:GM41) | HB41: =SUM(GP41:HA41) | HP41: =SUM(HD41:HO41) | ID41: =SUM(HR41:IC41) | IR41: =SUM(IF41:IQ41) | JF41: =SUM(IT41:JE41) | JT41: =SUM(JH41:JS41) | KH41: =SUM(JV41:KG41) | KV41: =SUM(KJ41:KU41)
A42: 7.4 ทำส่งซีพีแรมลาดกะบัง ไปประกอบเป็น FG | N42: =SUM(B42:M42) | AB42: =SUM(P42:AA42) | AP42: =SUM(AD42:AO42) | BD42: =SUM(AR42:BC42) | BR42: =SUM(BF42:BQ42) | CF42: =SUM(BT42:CE42) | CT42: =SUM(CH42:CS42) | DH42: =SUM(CV42:DG42) | DV42: =SUM(DJ42:DU42) | EJ42: =SUM(DX42:EI42) | EX42: =SUM(EL42:EW42) | FL42: =SUM(EZ42:FK42) | FZ42: =SUM(FN42:FY42) | GN42: =SUM(GB42:GM42) | HB42: =SUM(GP42:HA42) | HP42: =SUM(HD42:HO42) | ID42: =SUM(HR42:IC42) | IR42: =SUM(IF42:IQ42) | JF42: =SUM(IT42:JE42) | JT42: =SUM(JH42:JS42) | KH42: =SUM(JV42:KG42) | KV42: =SUM(KJ42:KU42)
A43: 7.5 ย้ายการผลิตไปลาดกะบัง | N43: =SUM(B43:M43) | AB43: =SUM(P43:AA43) | AP43: =SUM(AD43:AO43) | BD43: =SUM(AR43:BC43) | BR43: =SUM(BF43:BQ43) | CF43: =SUM(BT43:CE43) | CT43: =SUM(CH43:CS43) | DH43: =SUM(CV43:DG43) | DV43: =SUM(DJ43:DU43) | EJ43: =SUM(DX43:EI43) | EX43: =SUM(EL43:EW43) | FL43: =SUM(EZ43:FK43) | FZ43: =SUM(FN43:FY43) | GN43: =SUM(GB43:GM43) | HB43: =SUM(GP43:HA43) | HP43: =SUM(HD43:HO43) | ID43: =SUM(HR43:IC43) | IR43: =SUM(IF43:IQ43) | JF43: =SUM(IT43:JE43) | JT43: =SUM(JH43:JS43) | KH43: =SUM(JV43:KG43) | KV43: =SUM(KJ43:KU43)
A44: 7.6 ทางเมอร์มีเปลี่ยนโครงสร้างใหม่ จึงมีการปรับแผนสินค้าใหม่ด้วย | N44: =SUM(B44:M44) | AB44: =SUM(P44:AA44) | AP44: =SUM(AD44:AO44) | BD44: =SUM(AR44:BC44) | BR44: =SUM(BF44:BQ44) | CF44: =SUM(BT44:CE44) | CT44: =SUM(CH44:CS44) | CV44: 6 | DH44: =SUM(CV44:DG44) | DV44: =SUM(DJ44:DU44) | EJ44: =SUM(DX44:EI44) | EX44: =SUM(EL44:EW44) | FL44: =SUM(EZ44:FK44) | FZ44: =SUM(FN44:FY44) | GN44: =SUM(GB44:GM44) | HB44: =SUM(GP44:HA44) | HP44: =SUM(HD44:HO44) | ID44: =SUM(HR44:IC44) | IR44: =SUM(IF44:IQ44) | JF44: =SUM(IT44:JE44) | JT44: =SUM(JH44:JS44) | KH44: =SUM(JV44:KG44) | KV44: =SUM(KJ44:KU44)
A45: 7.7 เมอร์แจ้งว่า supplier อีกรายมีสินค้าลักษณะเดียวกัน จึงไม่อยากให้ซ้ำซ้อนกัน | N45: =SUM(B45:M45) | AB45: =SUM(P45:AA45) | AP45: =SUM(AD45:AO45) | BD45: =SUM(AR45:BC45) | BR45: =SUM(BF45:BQ45) | CF45: =SUM(BT45:CE45) | CT45: =SUM(CH45:CS45) | DH45: =SUM(CV45:DG45) | EJ45: =SUM(DX45:EI45) | EL45: 1 | EM45: 1 | EX45: =SUM(EL45:EW45) | FL45: =SUM(EZ45:FK45) | FZ45: =SUM(FN45:FY45) | GN45: =SUM(GB45:GM45) | HB45: =SUM(GP45:HA45) | HP45: =SUM(HD45:HO45) | ID45: =SUM(HR45:IC45) | IR45: =SUM(IF45:IQ45) | JF45: =SUM(IT45:JE45) | JT45: =SUM(JH45:JS45) | KH45: =SUM(JV45:KG45) | KV45: =SUM(KJ45:KU45)
A46: Total | B46: =B3+B10+B15+B16+B23+B32+B38 | C46: =C3+C10+C15+C16+C23+C32+C38 | D46: =D3+D10+D15+D16+D23+D32+D38 | E46: =E3+E10+E15+E16+E23+E32+E38 | F46: =F3+F10+F15+F16+F23+F32+F38 | G46: =G3+G10+G15+G16+G23+G32+G38 | H46: =H3+H10+H15+H16+H23+H32+H38 | I46: =I3+I10+I15+I16+I23+I32+I38 | ... KW46: =KW3+KW10+KW15+KW16+KW23+KW32+KW38 | KX46: =N46+AB46+AP46+BD46+BR46+CF46+CT46+DH46+DV46+EJ46+EX46+FZ46+GN46+HB46+HP46+ID46+IR46+JF46+KH46+KV46+JT46 | KY46: =KY3+KY10+KY15+KY16+KY23+KY32+KY38

Sheet %success ทุกเดือน
A1: จำนวนสินค้าใหม่ RTE ปี 2026
A3: กลุ่มสินค้า | B3: ตลาด | C3: เดือน | D3: แผนขาย New | E3: แผนขาย Level Up | F3: ขายได้ New | G3: ขายได้ Level Up | H3: หยุดพัฒนาตามแผน | I3: หยุดพัฒนานอกแผน | J3: พัฒนาทั้งหมด | K3: พัฒนาทั้งหมด (ไม่รวม Level Up) | L3: %success New | M3: %success Level Up | N3: %success รวม
A4: ติ่มซำ (นึ่ง) | B4: PMA24 | C4: Jan | D4: 4 | F4: 4 | J4: =SUM(F4:I4) | K4: =Table86100[[#This Row],[ขายได้ New]]+Table86100[[#This Row],[หยุดพัฒนาตามแผน]]+Table86100[[#This Row],[หยุดพัฒนานอกแผน]] | L4: =Table86100[[#This Row],[ขายได้ New]]/Table86100[[#This Row],[แผนขาย New]]% | N4: =(Table86100[[#This Row],[ขายได้ New]]+Table86100[[#This Row],[ขายได้ Level Up]])/(Table86100[[#This Row],[แผนขาย New]]+Table86100[[#This Row],[แผนขาย Level Up]])%
A5: สลัด ยำ น้ำจิ้ม | B5: PMA16 | C5: Jan | D5: 1 | F5: 1 | J5: =SUM(F5:I5) | K5: =Table86100[[#This Row],[ขายได้ New]]+Table86100[[#This Row],[หยุดพัฒนาตามแผน]]+Table86100[[#This Row],[หยุดพัฒนานอกแผน]] | L5: =Table86100[[#This Row],[ขายได้ New]]/Table86100[[#This Row],[แผนขาย New]]% | N5: =(Table86100[[#This Row],[ขายได้ New]]+Table86100[[#This Row],[ขายได้ Level Up]])/(Table86100[[#This Row],[แผนขาย New]]+Table86100[[#This Row],[แผนขาย Level Up]])%
A6: เบอร์เกอร์ รองท้อง | B6: PMA08 | C6: Jan | D6: 2 | E6: 2 | F6: 2 | G6: 2 | J6: =SUM(F6:I6) | K6: =Table86100[[#This Row],[ขายได้ New]]+Table86100[[#This Row],[หยุดพัฒนาตามแผน]]+Table86100[[#This Row],[หยุดพัฒนานอกแผน]] | L6: =Table86100[[#This Row],[ขายได้ New]]/Table86100[[#This Row],[แผนขาย New]]% | M6: =Table86100[[#This Row],[ขายได้ Level Up]]/Table86100[[#This Row],[แผนขาย Level Up]]% | N6: =(Table86100[[#This Row],[ขายได้ New]]+Table86100[[#This Row],[ขายได้ Level Up]])/(Table86100[[#This Row],[แผนขาย New]]+Table86100[[#This Row],[แผนขาย Level Up]])%
A7: เบอร์เกอร์ รองท้อง | B7: PMA02 | C7: Jan | D7: 1 | F7: 1 | J7: =SUM(F7:I7) | K7: =Table86100[[#This Row],[ขายได้ New]]+Table86100[[#This Row],[หยุดพัฒนาตามแผน]]+Table86100[[#This Row],[หยุดพัฒนานอกแผน]] | L7: =Table86100[[#This Row],[ขายได้ New]]/Table86100[[#This Row],[แผนขาย New]]% | N7: =(Table86100[[#This Row],[ขายได้ New]]+Table86100[[#This Row],[ขายได้ Level Up]])/(Table86100[[#This Row],[แผนขาย New]]+Table86100[[#This Row],[แผนขาย Level Up]])%
A8: ข้าวเหนียว สเต็ก | B8: PMA08 | C8: Jan | D8: 1 | E8: 1 | F8: 1 | G8: 1 | J8: =SUM(F8:I8) | K8: =Table86100[[#This Row],[ขายได้ New]]+Table86100[[#This Row],[หยุดพัฒนาตามแผน]]+Table86100[[#This Row],[หยุดพัฒนานอกแผน]] | M8: =Table86100[[#This Row],[ขายได้ Level Up]]/Table86100[[#This Row],[แผนขาย Level Up]]% | N8: =(Table86100[[#This Row],[ขายได้ New]]+Table86100[[#This Row],[ขายได้ Level Up]])/(Table86100[[#This Row],[แผนขาย New]]+Table86100[[#This Row],[แผนขาย Level Up]])%
A9: ติ่มซำ รองท้อง (ทอด) | B9: Export | C9: Jan | I9: 1 | J9: =SUM(F9:I9) | K9: =Table86100[[#This Row],[ขายได้ New]]+Table86100[[#This Row],[หยุดพัฒนาตามแผน]]+Table86100[[#This Row],[หยุดพัฒนานอกแผน]]
A10: ข้าวปั้น เครื่องเคียง | B10: PMA19 | C10: Jan | D10: 1 | F10: 1 | J10: =SUM(F10:I10) | K10: =Table86100[[#This Row],[ขายได้ New]]+Table86100[[#This Row],[หยุดพัฒนาตามแผน]]+Table86100[[#This Row],[หยุดพัฒนานอกแผน]] | L10: =Table86100[[#This Row],[ขายได้ New]]/Table86100[[#This Row],[แผนขาย New]]% | N10: 100
A11: ข้าวและกับข้าว | B11: PMA19 | C11: Jan | D11: 2 | E11: 3 | F11: 2 | G11: 3 | J11: =SUM(F11:I11) | K11: =Table86100[[#This Row],[ขายได้ New]]+Table86100[[#This Row],[หยุดพัฒนาตามแผน]]+Table86100[[#This Row],[หยุดพัฒนานอกแผน]] | L11: =Table86100[[#This Row],[ขายได้ New]]/Table86100[[#This Row],[แผนขาย New]]% | M11: =Table86100[[#This Row],[ขายได้ Level Up]]/Table86100[[#This Row],[แผนขาย Level Up]]% | N11: =(Table86100[[#This Row],[ขายได้ New]]+Table86100[[#This Row],[ขายได้ Level Up]])/(Table86100[[#This Row],[แผนขาย New]]+Table86100[[#This Row],[แผนขาย Level Up]])%
A12: กับข้าว | B12: PMA19 | C12: Jan | E12: 1 | G12: 1 | J12: =SUM(F12:I12) | K12: =Table86100[[#This Row],[ขายได้ New]]+Table86100[[#This Row],[หยุดพัฒนาตามแผน]]+Table86100[[#This Row],[หยุดพัฒนานอกแผน]] | M12: =Table86100[[#This Row],[ขายได้ Level Up]]/Table86100[[#This Row],[แผนขาย Level Up]]% | N12: =(Table86100[[#This Row],[ขายได้ New]]+Table86100[[#This Row],[ขายได้ Level Up]])/(Table86100[[#This Row],[แผนขาย New]]+Table86100[[#This Row],[แผนขาย Level Up]])%
A13: กับข้าว | B13: PMA06 | C13: Jan | E13: 1 | G13: 1 | J13: =SUM(F13:I13) | K13: =Table86100[[#This Row],[ขายได้ New]]+Table86100[[#This Row],[หยุดพัฒนาตามแผน]]+Table86100[[#This Row],[หยุดพัฒนานอกแผน]] | M13: =Table86100[[#This Row],[ขายได้ Level Up]]/Table86100[[#This Row],[แผนขาย Level Up]]% | N13: =(Table86100[[#This Row],[ขายได้ New]]+Table86100[[#This Row],[ขายได้ Level Up]])/(Table86100[[#This Row],[แผนขาย New]]+Table86100[[#This Row],[แผนขาย Level Up]])%
A14: ติ่มซำ (นึ่ง) | B14: Export | C14: Jan | D14: 2 | F14: 2 | J14: =SUM(F14:I14) | K14: =Table86100[[#This Row],[ขายได้ New]]+Table86100[[#This Row],[หยุดพัฒนาตามแผน]]+Table86100[[#This Row],[หยุดพัฒนานอกแผน]] | L14: =Table86100[[#This Row],[ขายได้ New]]/Table86100[[#This Row],[แผนขาย New]]% | N14: =(Table86100[[#This Row],[ขายได้ New]]+Table86100[[#This Row],[ขายได้ Level Up]])/(Table86100[[#This Row],[แผนขาย New]]+Table86100[[#This Row],[แผนขาย Level Up]])%
A15: กับข้าว | B15: PMA19 | C15: Feb | D15: 1 | F15: 1 | J15: =SUM(F15:I15) | K15: =Table86100[[#This Row],[ขายได้ New]]+Table86100[[#This Row],[หยุดพัฒนาตามแผน]]+Table86100[[#This Row],[หยุดพัฒนานอกแผน]] | L15: =Table86100[[#This Row],[ขายได้ New]]/Table86100[[#This Row],[แผนขาย New]]% | N15: =(Table86100[[#This Row],[ขายได้ New]]+Table86100[[#This Row],[ขายได้ Level Up]])/(Table86100[[#This Row],[แผนขาย New]]+Table86100[[#This Row],[แผนขาย Level Up]])%
A16: กับข้าว | B16: PMA06 | C16: Feb | D16: 1 | F16: 1 | J16: =SUM(F16:I16) | K16: =Table86100[[#This Row],[ขายได้ New]]+Table86100[[#This Row],[หยุดพัฒนาตามแผน]]+Table86100[[#This Row],[หยุดพัฒนานอกแผน]] | L16: =Table86100[[#This Row],[ขายได้ New]]/Table86100[[#This Row],[แผนขาย New]]% | N16: =(Table86100[[#This Row],[ขายได้ New]]+Table86100[[#This Row],[ขายได้ Level Up]])/(Table86100[[#This Row],[แผนขาย New]]+Table86100[[#This Row],[แผนขาย Level Up]])%
A17: กับข้าว | B17: PMA20 | C17: Feb | E17: 1 | G17: 1 | J17: =SUM(F17:I17) | K17: =Table86100[[#This Row],[ขายได้ New]]+Table86100[[#This Row],[หยุดพัฒนาตามแผน]]+Table86100[[#This Row],[หยุดพัฒนานอกแผน]] | M17: =Table86100[[#This Row],[ขายได้ Level Up]]/Table86100[[#This Row],[แผนขาย Level Up]]% | N17: =(Table86100[[#This Row],[ขายได้ New]]+Table86100[[#This Row],[ขายได้ Level Up]])/(Table86100[[#This Row],[แผนขาย New]]+Table86100[[#This Row],[แผนขาย Level Up]])%
A18: ข้าวและกับข้าว | B18: PMA19 | C18: Feb | E18: 1 | G18: 1 | J18: =SUM(F18:I18) | K18: =Table86100[[#This Row],[ขายได้ New]]+Table86100[[#This Row],[หยุดพัฒนาตามแผน]]+Table86100[[#This Row],[หยุดพัฒนานอกแผน]] | M18: =Table86100[[#This Row],[ขายได้ Level Up]]/Table86100[[#This Row],[แผนขาย Level Up]]% | N18: =(Table86100[[#This Row],[ขายได้ New]]+Table86100[[#This Row],[ขายได้ Level Up]])/(Table86100[[#This Row],[แผนขาย New]]+Table86100[[#This Row],[แผนขาย Level Up]])%
A19: เส้น (ข้าวไทย) | B19: PMA19 | C19: Feb | D19: 1 | F19: 1 | J19: =SUM(F19:I19) | K19: =Table86100[[#This Row],[ขายได้ New]]+Table86100[[#This Row],[หยุดพัฒนาตามแผน]]+Table86100[[#This Row],[หยุดพัฒนานอกแผน]] | L19: =Table86100[[#This Row],[ขายได้ New]]/Table86100[[#This Row],[แผนขาย New]]% | N19: =(Table86100[[#This Row],[ขายได้ New]]+Table86100[[#This Row],[ขายได้ Level Up]])/(Table86100[[#This Row],[แผนขาย New]]+Table86100[[#This Row],[แผนขาย Level Up]])%
A20: เส้น (ข้าวไทย) | B20: PMA20 | C20: Feb | D20: 1 | F20: 1 | J20: =SUM(F20:I20) | K20: =Table86100[[#This Row],[ขายได้ New]]+Table86100[[#This Row],[หยุดพัฒนาตามแผน]]+Table86100[[#This Row],[หยุดพัฒนานอกแผน]] | L20: =Table86100[[#This Row],[ขายได้ New]]/Table86100[[#This Row],[แผนขาย New]]% | N20: =(Table86100[[#This Row],[ขายได้ New]]+Table86100[[#This Row],[ขายได้ Level Up]])/(Table86100[[#This Row],[แผนขาย New]]+Table86100[[#This Row],[แผนขาย Level Up]])%
A21: เบอร์เกอร์ รองท้อง | B21: PMA08 | C21: Feb | D21: 1 | E21: 2 | F21: 1 | G21: 2 | J21: =SUM(F21:I21) | K21: =Table86100[[#This Row],[ขายได้ New]]+Table86100[[#This Row],[หยุดพัฒนาตามแผน]]+Table86100[[#This Row],[หยุดพัฒนานอกแผน]] | L21: =Table86100[[#This Row],[ขายได้ New]]/Table86100[[#This Row],[แผนขาย New]]% | M21: =Table86100[[#This Row],[ขายได้ Level Up]]/Table86100[[#This Row],[แผนขาย Level Up]]% | N21: =(Table86100[[#This Row],[ขายได้ New]]+Table86100[[#This Row],[ขายได้ Level Up]])/(Table86100[[#This Row],[แผนขาย New]]+Table86100[[#This Row],[แผนขาย Level Up]])%
A22: ข้าวเหนียว สเต็ก | B22: PMA08 | C22: Feb | D22: 1 | F22: 1 | J22: =SUM(F22:I22) | K22: =Table86100[[#This Row],[ขายได้ New]]+Table86100[[#This Row],[หยุดพัฒนาตามแผน]]+Table86100[[#This Row],[หยุดพัฒนานอกแผน]] | L22: =Table86100[[#This Row],[ขายได้ New]]/Table86100[[#This Row],[แผนขาย New]]% | N22: =(Table86100[[#This Row],[ขายได้ New]]+Table86100[[#This Row],[ขายได้ Level Up]])/(Table86100[[#This Row],[แผนขาย New]]+Table86100[[#This Row],[แผนขาย Level Up]])%
A23: ข้าวเหนียว สเต็ก | B23: PMA22 | C23: Feb | D23: 1 | F23: 1 | J23: =SUM(F23:I23) | K23: =Table86100[[#This Row],[ขายได้ New]]+Table86100[[#This Row],[หยุดพัฒนาตามแผน]]+Table86100[[#This Row],[หยุดพัฒนานอกแผน]] | L23: =Table86100[[#This Row],[ขายได้ New]]/Table86100[[#This Row],[แผนขาย New]]% | N23: =(Table86100[[#This Row],[ขายได้ New]]+Table86100[[#This Row],[ขายได้ Level Up]])/(Table86100[[#This Row],[แผนขาย New]]+Table86100[[#This Row],[แผนขาย Level Up]])%
A24: ติ่มซำ (นึ่ง) | B24: PMA24 | C24: Feb | D24: 2 | E24: 1 | F24: 2 | G24: 1 | J24: =SUM(F24:I24) | K24: =Table86100[[#This Row],[ขายได้ New]]+Table86100[[#This Row],[หยุดพัฒนาตามแผน]]+Table86100[[#This Row],[หยุดพัฒนานอกแผน]] | L24: =Table86100[[#This Row],[ขายได้ New]]/Table86100[[#This Row],[แผนขาย New]]% | M24: =Table86100[[#This Row],[ขายได้ Level Up]]/Table86100[[#This Row],[แผนขาย Level Up]]% | N24: =(Table86100[[#This Row],[ขายได้ New]]+Table86100[[#This Row],[ขายได้ Level Up]])/(Table86100[[#This Row],[แผนขาย New]]+Table86100[[#This Row],[แผนขาย Level Up]])%
A25: ข้าวปั้น เครื่องเคียง | B25: PMA19 | C25: Feb | E25: 1 | G25: 1 | J25: =SUM(F25:I25) | K25: =Table86100[[#This Row],[ขายได้ New]]+Table86100[[#This Row],[หยุดพัฒนาตามแผน]]+Table86100[[#This Row],[หยุดพัฒนานอกแผน]] | M25: =Table86100[[#This Row],[ขายได้ Level Up]]/Table86100[[#This Row],[แผนขาย Level Up]]% | N25: =(Table86100[[#This Row],[ขายได้ New]]+Table86100[[#This Row],[ขายได้ Level Up]])/(Table86100[[#This Row],[แผนขาย New]]+Table86100[[#This Row],[แผนขาย Level Up]])%
A26: ติ่มซำ (นึ่ง) | B26: Export | C26: Feb | D26: 2 | F26: 2 | J26: =SUM(F26:I26) | K26: =Table86100[[#This Row],[ขายได้ New]]+Table86100[[#This Row],[หยุดพัฒนาตามแผน]]+Table86100[[#This Row],[หยุดพัฒนานอกแผน]] | L26: =Table86100[[#This Row],[ขายได้ New]]/Table86100[[#This Row],[แผนขาย New]]% | N26: =(Table86100[[#This Row],[ขายได้ New]]+Table86100[[#This Row],[ขายได้ Level Up]])/(Table86100[[#This Row],[แผนขาย New]]+Table86100[[#This Row],[แผนขาย Level Up]])%
A27: ข้าวปั้น เครื่องเคียง | B27: PMA19 | C27: Mar | D27: 1 | E27: 2 | F27: 1 | G27: 2 | J27: =SUM(F27:I27) | K27: =Table86100[[#This Row],[ขายได้ New]]+Table86100[[#This Row],[หยุดพัฒนาตามแผน]]+Table86100[[#This Row],[หยุดพัฒนานอกแผน]] | L27: =Table86100[[#This Row],[ขายได้ New]]/Table86100[[#This Row],[แผนขาย New]]% | M27: =Table86100[[#This Row],[ขายได้ Level Up]]/Table86100[[#This Row],[แผนขาย Level Up]]% | N27: =(Table86100[[#This Row],[ขายได้ New]]+Table86100[[#This Row],[ขายได้ Level Up]])/(Table86100[[#This Row],[แผนขาย New]]+Table86100[[#This Row],[แผนขาย Level Up]])%
A28: ติ่มซำ (นึ่ง) | B28: PMA24 | C28: Mar | D28: 3 | F28: 3 | J28: =SUM(F28:I28) | K28: =Table86100[[#This Row],[ขายได้ New]]+Table86100[[#This Row],[หยุดพัฒนาตามแผน]]+Table86100[[#This Row],[หยุดพัฒนานอกแผน]] | L28: =Table86100[[#This Row],[ขายได้ New]]/Table86100[[#This Row],[แผนขาย New]]% | N28: =(Table86100[[#This Row],[ขายได้ New]]+Table86100[[#This Row],[ขายได้ Level Up]])/(Table86100[[#This Row],[แผนขาย New]]+Table86100[[#This Row],[แผนขาย Level Up]])%
A29: ติ่มซำ (นึ่ง) | B29: Export | C29: Mar | D29: 1 | F29: 1 | J29: =SUM(F29:I29) | K29: =Table86100[[#This Row],[ขายได้ New]]+Table86100[[#This Row],[หยุดพัฒนาตามแผน]]+Table86100[[#This Row],[หยุดพัฒนานอกแผน]] | L29: =Table86100[[#This Row],[ขายได้ New]]/Table86100[[#This Row],[แผนขาย New]]% | N29: =(Table86100[[#This Row],[ขายได้ New]]+Table86100[[#This Row],[ขายได้ Level Up]])/(Table86100[[#This Row],[แผนขาย New]]+Table86100[[#This Row],[แผนขาย Level Up]])%
A30: ข้าวและกับข้าว | B30: PMA19 | C30: Mar | E30: 2 | G30: 2 | J30: =SUM(F30:I30) | K30: =Table86100[[#This Row],[ขายได้ New]]+Table86100[[#This Row],[หยุดพัฒนาตามแผน]]+Table86100[[#This Row],[หยุดพัฒนานอกแผน]] | M30: =Table86100[[#This Row],[ขายได้ Level Up]]/Table86100[[#This Row],[แผนขาย Level Up]]% | N30: =(Table86100[[#This Row],[ขายได้ New]]+Table86100[[#This Row],[ขายได้ Level Up]])/(Table86100[[#This Row],[แผนขาย New]]+Table86100[[#This Row],[แผนขาย Level Up]])%
A31: เส้น (ข้าวไทย) | B31: PMA19 | C31: Mar | E31: 1 | G31: 1 | J31: =SUM(F31:I31) | K31: =Table86100[[#This Row],[ขายได้ New]]+Table86100[[#This Row],[หยุดพัฒนาตามแผน]]+Table86100[[#This Row],[หยุดพัฒนานอกแผน]] | M31: =Table86100[[#This Row],[ขายได้ Level Up]]/Table86100[[#This Row],[แผนขาย Level Up]]% | N31: =(Table86100[[#This Row],[ขายได้ New]]+Table86100[[#This Row],[ขายได้ Level Up]])/(Table86100[[#This Row],[แผนขาย New]]+Table86100[[#This Row],[แผนขาย Level Up]])%
A32: เส้น (ข้าวไทย) | B32: PMA20 | C32: Mar | E32: 2 | G32: 2 | J32: =SUM(F32:I32) | K32: =Table86100[[#This Row],[ขายได้ New]]+Table86100[[#This Row],[หยุดพัฒนาตามแผน]]+Table86100[[#This Row],[หยุดพัฒนานอกแผน]] | M32: =Table86100[[#This Row],[ขายได้ Level Up]]/Table86100[[#This Row],[แผนขาย Level Up]]% | N32: =(Table86100[[#This Row],[ขายได้ New]]+Table86100[[#This Row],[ขายได้ Level Up]])/(Table86100[[#This Row],[แผนขาย New]]+Table86100[[#This Row],[แผนขาย Level Up]])%
A33: เส้น (แป้งสาลี) ซุป | B33: PMA20 | C33: Mar | E33: 1 | G33: 1 | J33: =SUM(F33:I33) | K33: =Table86100[[#This Row],[ขายได้ New]]+Table86100[[#This Row],[หยุดพัฒนาตามแผน]]+Table86100[[#This Row],[หยุดพัฒนานอกแผน]] | M33: =Table86100[[#This Row],[ขายได้ Level Up]]/Table86100[[#This Row],[แผนขาย Level Up]]% | N33: =(Table86100[[#This Row],[ขายได้ New]]+Table86100[[#This Row],[ขายได้ Level Up]])/(Table86100[[#This Row],[แผนขาย New]]+Table86100[[#This Row],[แผนขาย Level Up]])%
A34: เส้น (แป้งสาลี) ซุป | B34: non-7 | C34: Mar | D34: 1 | F34: 1 | J34: =SUM(F34:I34) | K34: =Table86100[[#This Row],[ขายได้ New]]+Table86100[[#This Row],[หยุดพัฒนาตามแผน]]+Table86100[[#This Row],[หยุดพัฒนานอกแผน]] | L34: =Table86100[[#This Row],[ขายได้ New]]/Table86100[[#This Row],[แผนขาย New]]% | N34: =(Table86100[[#This Row],[ขายได้ New]]+Table86100[[#This Row],[ขายได้ Level Up]])/(Table86100[[#This Row],[แผนขาย New]]+Table86100[[#This Row],[แผนขาย Level Up]])%
A35: ข้าวและกับข้าว | B35: PMA20 | C35: Mar | E35: 1 | G35: 1 | J35: =SUM(F35:I35) | K35: =Table86100[[#This Row],[ขายได้ New]]+Table86100[[#This Row],[หยุดพัฒนาตามแผน]]+Table86100[[#This Row],[หยุดพัฒนานอกแผน]] | M35: =Table86100[[#This Row],[ขายได้ Level Up]]/Table86100[[#This Row],[แผนขาย Level Up]]% | N35: =(Table86100[[#This Row],[ขายได้ New]]+Table86100[[#This Row],[ขายได้ Level Up]])/(Table86100[[#This Row],[แผนขาย New]]+Table86100[[#This Row],[แผนขาย Level Up]])%
A36: เบอร์เกอร์ รองท้อง | B36: PMA08 | C36: Mar | D36: 3 | E36: 1 | F36: 3 | G36: 1 | J36: =SUM(F36:I36) | K36: =Table86100[[#This Row],[ขายได้ New]]+Table86100[[#This Row],[หยุดพัฒนาตามแผน]]+Table86100[[#This Row],[หยุดพัฒนานอกแผน]] | L36: =Table86100[[#This Row],[ขายได้ New]]/Table86100[[#This Row],[แผนขาย New]]% | M36: =Table86100[[#This Row],[ขายได้ Level Up]]/Table86100[[#This Row],[แผนขาย Level Up]]% | N36: =(Table86100[[#This Row],[ขายได้ New]]+Table86100[[#This Row],[ขายได้ Level Up]])/(Table86100[[#This Row],[แผนขาย New]]+Table86100[[#This Row],[แผนขาย Level Up]])%
A37: ข้าวเหนียว สเต็ก | B37: PMA08 | C37: Mar | D37: 1 | E37: 1 | F37: 1 | G37: 1 | J37: =SUM(F37:I37) | K37: =Table86100[[#This Row],[ขายได้ New]]+Table86100[[#This Row],[หยุดพัฒนาตามแผน]]+Table86100[[#This Row],[หยุดพัฒนานอกแผน]] | L37: =Table86100[[#This Row],[ขายได้ New]]/Table86100[[#This Row],[แผนขาย New]]% | M37: =Table86100[[#This Row],[ขายได้ Level Up]]/Table86100[[#This Row],[แผนขาย Level Up]]% | N37: =(Table86100[[#This Row],[ขายได้ New]]+Table86100[[#This Row],[ขายได้ Level Up]])/(Table86100[[#This Row],[แผนขาย New]]+Table86100[[#This Row],[แผนขาย Level Up]])%
A38: ข้าวเหนียว สเต็ก | B38: PMA22 | C38: Mar | E38: 1 | G38: 1 | J38: =SUM(F38:I38) | K38: =Table86100[[#This Row],[ขายได้ New]]+Table86100[[#This Row],[หยุดพัฒนาตามแผน]]+Table86100[[#This Row],[หยุดพัฒนานอกแผน]] | M38: =Table86100[[#This Row],[ขายได้ Level Up]]/Table86100[[#This Row],[แผนขาย Level Up]]% | N38: =(Table86100[[#This Row],[ขายได้ New]]+Table86100[[#This Row],[ขายได้ Level Up]])/(Table86100[[#This Row],[แผนขาย New]]+Table86100[[#This Row],[แผนขาย Level Up]])%
A39: เบอร์เกอร์ รองท้อง | B39: PMA02 | C39: Apr | D39: 1 | F39: 1 | J39: =SUM(F39:I39) | K39: =Table86100[[#This Row],[ขายได้ New]]+Table86100[[#This Row],[หยุดพัฒนาตามแผน]]+Table86100[[#This Row],[หยุดพัฒนานอกแผน]] | L39: =Table86100[[#This Row],[ขายได้ New]]/Table86100[[#This Row],[แผนขาย New]]% | N39: =(Table86100[[#This Row],[ขายได้ New]]+Table86100[[#This Row],[ขายได้ Level Up]])/(Table86100[[#This Row],[แผนขาย New]]+Table86100[[#This Row],[แผนขาย Level Up]])%
A40: เบอร์เกอร์ รองท้อง | B40: PMA08 | C40: Apr | D40: 1 | E40: 1 | F40: 1 | G40: 1 | J40: =SUM(F40:I40) | K40: =Table86100[[#This Row],[ขายได้ New]]+Table86100[[#This Row],[หยุดพัฒนาตามแผน]]+Table86100[[#This Row],[หยุดพัฒนานอกแผน]] | L40: =Table86100[[#This Row],[ขายได้ New]]/Table86100[[#This Row],[แผนขาย New]]% | M40: =Table86100[[#This Row],[ขายได้ Level Up]]/Table86100[[#This Row],[แผนขาย Level Up]]% | N40: =(Table86100[[#This Row],[ขายได้ New]]+Table86100[[#This Row],[ขายได้ Level Up]])/(Table86100[[#This Row],[แผนขาย New]]+Table86100[[#This Row],[แผนขาย Level Up]])%
A41: ข้าวเหนียว สเต็ก | B41: PMA08 | C41: Apr | D41: 1 | E41: 1 | F41: 1 | G41: 1 | J41: =SUM(F41:I41) | K41: =Table86100[[#This Row],[ขายได้ New]]+Table86100[[#This Row],[หยุดพัฒนาตามแผน]]+Table86100[[#This Row],[หยุดพัฒนานอกแผน]] | L41: =Table86100[[#This Row],[ขายได้ New]]/Table86100[[#This Row],[แผนขาย New]]% | N41: =(Table86100[[#This Row],[ขายได้ New]]+Table86100[[#This Row],[ขายได้ Level Up]])/(Table86100[[#This Row],[แผนขาย New]]+Table86100[[#This Row],[แผนขาย Level Up]])%
A42: เส้น (ข้าวไทย) | B42: PMA20 | C42: Apr | D42: 1 | F42: 1 | J42: =SUM(F42:I42) | K42: =Table86100[[#This Row],[ขายได้ New]]+Table86100[[#This Row],[หยุดพัฒนาตามแผน]]+Table86100[[#This Row],[หยุดพัฒนานอกแผน]] | L42: =Table86100[[#This Row],[ขายได้ New]]/Table86100[[#This Row],[แผนขาย New]]% | N42: =(Table86100[[#This Row],[ขายได้ New]]+Table86100[[#This Row],[ขายได้ Level Up]])/(Table86100[[#This Row],[แผนขาย New]]+Table86100[[#This Row],[แผนขาย Level Up]])%
A43: เส้น (ข้าวไทย) | B43: PMA19 | C43: Apr | E43: 1 | G43: 1 | J43: =SUM(F43:I43) | K43: =Table86100[[#This Row],[ขายได้ New]]+Table86100[[#This Row],[หยุดพัฒนาตามแผน]]+Table86100[[#This Row],[หยุดพัฒนานอกแผน]] | M43: =Table86100[[#This Row],[ขายได้ Level Up]]/Table86100[[#This Row],[แผนขาย Level Up]]% | N43: =(Table86100[[#This Row],[ขายได้ New]]+Table86100[[#This Row],[ขายได้ Level Up]])/(Table86100[[#This Row],[แผนขาย New]]+Table86100[[#This Row],[แผนขาย Level Up]])%
A44: ติ่มซำ (นึ่ง) | B44: PMA24 | C44: Apr | D44: 1 | F44: 1 | J44: =SUM(F44:I44) | K44: =Table86100[[#This Row],[ขายได้ New]]+Table86100[[#This Row],[หยุดพัฒนาตามแผน]]+Table86100[[#This Row],[หยุดพัฒนานอกแผน]] | L44: =Table86100[[#This Row],[ขายได้ New]]/Table86100[[#This Row],[แผนขาย New]]% | N44: =(Table86100[[#This Row],[ขายได้ New]]+Table86100[[#This Row],[ขายได้ Level Up]])/(Table86100[[#This Row],[แผนขาย New]]+Table86100[[#This Row],[แผนขาย Level Up]])%
A45: ติ่มซำ (นึ่ง) | B45: non-7 | C45: Apr | D45: 2 | F45: 2 | J45: =SUM(F45:I45) | K45: =Table86100[[#This Row],[ขายได้ New]]+Table86100[[#This Row],[หยุดพัฒนาตามแผน]]+Table86100[[#This Row],[หยุดพัฒนานอกแผน]] | L45: =Table86100[[#This Row],[ขายได้ New]]/Table86100[[#This Row],[แผนขาย New]]% | N45: =(Table86100[[#This Row],[ขายได้ New]]+Table86100[[#This Row],[ขายได้ Level Up]])/(Table86100[[#This Row],[แผนขาย New]]+Table86100[[#This Row],[แผนขาย Level Up]])%
A46: ติ่มซำ รองท้อง (ทอด) | B46: Export | C46: Apr | D46: 2 | F46: 2 | I46: 4 | J46: =SUM(F46:I46) | K46: =Table86100[[#This Row],[ขายได้ New]]+Table86100[[#This Row],[หยุดพัฒนาตามแผน]]+Table86100[[#This Row],[หยุดพัฒนานอกแผน]] | L46: =Table86100[[#This Row],[ขายได้ New]]/Table86100[[#This Row],[แผนขาย New]]% | N46: =(Table86100[[#This Row],[ขายได้ New]]+Table86100[[#This Row],[ขายได้ Level Up]])/(Table86100[[#This Row],[แผนขาย New]]+Table86100[[#This Row],[แผนขาย Level Up]])%
A47: ติ่มซำ รองท้อง (ทอด) | B47: non-7 | C47: Apr | I47: 4 | J47: =SUM(F47:I47) | K47: =Table86100[[#This Row],[ขายได้ New]]+Table86100[[#This Row],[หยุดพัฒนาตามแผน]]+Table86100[[#This Row],[หยุดพัฒนานอกแผน]]
A48: กับข้าว | B48: PMA20 | C48: Apr | D48: 1 | F48: 1 | J48: =SUM(F48:I48) | K48: =Table86100[[#This Row],[ขายได้ New]]+Table86100[[#This Row],[หยุดพัฒนาตามแผน]]+Table86100[[#This Row],[หยุดพัฒนานอกแผน]] | L48: =Table86100[[#This Row],[ขายได้ New]]/Table86100[[#This Row],[แผนขาย New]]% | N48: =(Table86100[[#This Row],[ขายได้ New]]+Table86100[[#This Row],[ขายได้ Level Up]])/(Table86100[[#This Row],[แผนขาย New]]+Table86100[[#This Row],[แผนขาย Level Up]])%
A49: ข้าวและกับข้าว | B49: PMA20 | C49: Apr | E49: 2 | G49: 2 | J49: =SUM(F49:I49) | K49: =Table86100[[#This Row],[ขายได้ New]]+Table86100[[#This Row],[หยุดพัฒนาตามแผน]]+Table86100[[#This Row],[หยุดพัฒนานอกแผน]] | M49: =Table86100[[#This Row],[ขายได้ Level Up]]/Table86100[[#This Row],[แผนขาย Level Up]]% | N49: =(Table86100[[#This Row],[ขายได้ New]]+Table86100[[#This Row],[ขายได้ Level Up]])/(Table86100[[#This Row],[แผนขาย New]]+Table86100[[#This Row],[แผนขาย Level Up]])%
A50: Total | D50: =SUBTOTAL(109,Table86100[แผนขาย New]) | E50: =SUBTOTAL(109,Table86100[แผนขาย Level Up]) | F50: =SUBTOTAL(109,Table86100[ขายได้ New]) | G50: =SUBTOTAL(109,Table86100[ขายได้ Level Up]) | H50: =SUBTOTAL(109,Table86100[หยุดพัฒนาตามแผน]) | I50: =SUBTOTAL(109,Table86100[หยุดพัฒนานอกแผน]) | J50: =SUBTOTAL(109,Table86100[พัฒนาทั้งหมด]) | K50: =SUBTOTAL(109,Table86100[พัฒนาทั้งหมด (ไม่รวม Level Up)]) | L50: =Table86100[[#Totals],[ขายได้ New]]/Table86100[[#Totals],[แผนขาย New]]% | M50: =Table86100[[#Totals],[ขายได้ Level Up]]/Table86100[[#Totals],[แผนขาย Level Up]]% | N50: =(Table86100[[#Totals],[ขายได้ New]]+Table86100[[#Totals],[ขายได้ Level Up]])/(Table86100[[#Totals],[แผนขาย New]]+Table86100[[#Totals],[แผนขาย Level Up]])%

Sheet รายการสินค้าหยุดพัฒนา
A1: กลุ่มสินค้า | B1: ตลาด | C1: ส่งออกและ non7 ให้ใส่ชื่อลูกค้าด้วย | D1: ชื่อสินค้า | E1: ตาม/นอกแผน | F1: เดือนที่หยุดพัฒนา | G1: สาเหตุ | H1: เนื่องจาก
A2: ติ่มซำ รองท้อง (ทอด) | B2: Export | C2: Ksiaa GmbH | D2: Tori Katsu | E2: นอกแผน | F2: Jan | G2: Merหรือลูกค้าขอยกเลิก | H2: 5.1 เพราะราคา RM สูง ทำให้ราคาขายสูง
A3: เส้น (แป้งสาลี) ซุป | B3: PMA20 | D3: อุด้งหมูผัดกิมจิ 240 กรัม | E3: นอกแผน | F3: May | G3: Merหรือลูกค้าขอยกเลิก | H3: 5.1 เพราะราคา RM สูง ทำให้ราคาขายสูง
A4: ติ่มซำ รองท้อง (ทอด) | B4: non-7 | C4: MAKRO | D4: ซาโมซ่าไส้เผือก | E4: นอกแผน | F4: Apr | G4: Merหรือลูกค้าขอยกเลิก | H4: 5.1 เพราะราคา RM สูง ทำให้ราคาขายสูง
A5: ติ่มซำ รองท้อง (ทอด) | B5: non-7 | C5: MAKRO | D5: ซาโมซ่าไส้ครีมชีส | E5: นอกแผน | F5: Apr | G5: Merหรือลูกค้าขอยกเลิก | H5: 5.1 เพราะราคา RM สูง ทำให้ราคาขายสูง
A6: ติ่มซำ รองท้อง (ทอด) | B6: non-7 | C6: MAKRO | D6: ซาโมซ่าไส้เผือกโมจิ | E6: นอกแผน | F6: Apr | G6: Merหรือลูกค้าขอยกเลิก | H6: 5.1 เพราะราคา RM สูง ทำให้ราคาขายสูง
A7: ติ่มซำ รองท้อง (ทอด) | B7: non-7 | C7: MAKRO | D7: ซาโมซ่าไส้เผือกกล้วย | E7: นอกแผน | F7: Apr | G7: Merหรือลูกค้าขอยกเลิก | H7: 5.1 เพราะราคา RM สูง ทำให้ราคาขายสูง
A8: ติ่มซำ รองท้อง (ทอด) | B8: Export | C8: Westbridge (TESCO) | D8: Banana Cinnamon Parcel | E8: นอกแผน | F8: Apr | G8: Merหรือลูกค้าขอยกเลิก | H8: 5.1 เพราะราคา RM สูง ทำให้ราคาขายสูง
A9: ติ่มซำ รองท้อง (ทอด) | B9: Export | C9: Westbridge (TESCO) | D9: Tofu-Wrapped Prawn | E9: นอกแผน | F9: Apr | G9: Merหรือลูกค้าขอยกเลิก | H9: 5.1 เพราะราคา RM สูง ทำให้ราคาขายสูง
A10: ติ่มซำ รองท้อง (ทอด) | B10: Export | C10: Westbridge (TESCO) | D10: Mango Sticky Rice Spring Roll | E10: นอกแผน | F10: Apr | G10: Merหรือลูกค้าขอยกเลิก | H10: 5.1 เพราะราคา RM สูง ทำให้ราคาขายสูง
A11: ติ่มซำ รองท้อง (ทอด) | B11: Export | C11: Westbridge for Aldi | D11: Crispy Stay Chicken Gyoza | E11: นอกแผน | F11: Apr | G11: Merหรือลูกค้าขอยกเลิก | H11: 5.1 เพราะราคา RM สูง ทำให้ราคาขายสูง
A18: Total | D18: =SUBTOTAL(103,Table31[ชื่อสินค้า]) | E18: =SUBTOTAL(103,Table31[ตาม/นอกแผน]) | G18: =SUBTOTAL(103,Table31[สาเหตุ]) | H18: =SUBTOTAL(103,Table31[เนื่องจาก])

Sheet Checklist
A1: Checklist | D1: Jan
A2: ติ่มซำ 7-11 | B2: PMA24 | C2: เน | D2: ครบ New=4
A3: ติ่มซำ ส่งออก | B3: PMA24 | C3: พี่นิค | D3: ไม่มี
A4: BG รองท้อง | B4: PMA02,08 | C4: เปิ้ล | D4: ครบ New=4, LV=3
A5: สลัด | B5: PMA16 | C5: มายด์ | D5: New=1
A6: Frozen | B6: PMA20 | C6: พี่ี่ผึ้ง/พี่แพท | D6: ครบ LV=1
A7: Chilled | B7: PMA19 | C7: แตงกวา | D7: New=2, LV=4
A8: ข้าวปั้น | B8: PMA19 | C8: หมิว | D8: New=1
A9: โครงการพิเศษ | C9: พี่อ๊อก | D9: ไม่มี
A10: ทอด | C10: พี่ยุ้ย | D10: ไม่มี

Sheet Pivot สรุปข้อมูล
A1: ตลาด | B1: (All)
B3: Column Labels
B4: Jan | D4: Feb | F4: Mar | H4: Apr | J4: Total Sum of New | K4: Total Sum of Level Up
A5: Row Labels | B5: Sum of New | C5: Sum of Level Up | D5: Sum of New | E5: Sum of Level Up | F5: Sum of New | G5: Sum of Level Up | H5: Sum of New | I5: Sum of Level Up
A6: กับข้าว | C6: 2 | D6: 2 | E6: 1 | H6: 1 | J6: 3 | K6: 3
A7: ข้าวปั้น เครื่องเคียง | B7: 1 | E7: 1 | F7: 1 | G7: 2 | J7: 2 | K7: 3
A8: ข้าวและกับข้าว | B8: 2 | C8: 3 | E8: 1 | G8: 3 | I8: 2 | J8: 2 | K8: 9
A9: ข้าวเหนียว สเต็ก | B9: 1 | C9: 1 | D9: 2 | F9: 1 | G9: 2 | H9: 1 | I9: 1 | J9: 5 | K9: 4
A10: ติ่มซำ (นึ่ง) | B10: 6 | D10: 4 | E10: 1 | F10: 4 | H10: 3 | J10: 17 | K10: 1
A11: ติ่มซำ รองท้อง (ทอด) | H11: 2 | J11: 2
A12: เบอร์เกอร์ รองท้อง | B12: 3 | C12: 2 | D12: 1 | E12: 2 | F12: 3 | G12: 1 | H12: 2 | I12: 1 | J12: 9 | K12: 6
A13: สลัด ยำ น้ำจิ้ม | B13: 1 | J13: 1
A14: เส้น (ข้าวไทย) | D14: 2 | G14: 3 | H14: 1 | I14: 1 | J14: 3 | K14: 4
A15: เส้น (แป้งสาลี) ซุป | F15: 1 | G15: 1 | J15: 1 | K15: 1
A16: Grand Total | B16: 14 | C16: 8 | D16: 11 | E16: 6 | F16: 10 | G16: 12 | H16: 10 | I16: 5 | J16: 45 | K16: 31

Sheet Performance
A1: Performance รวมทุกบ้าน | AC1: Lead time สินค้าส่งออก | AJ1: Lead time สินค้าในประเทศ
O2: Pilot/Pre-TR(PMA24,08) | U2: Pre-TR/TR(PMA24,08) | AJ2: แบบเก่า | AM2: แบบใหม่
A3: No. | B3: กลุ่มสินค้า | C3: ตลาด | D3: ไตรมาส | E3: เดือน | F3: รหัสสินค้า | G3: ชื่อสินค้า | H3: จำนวนครั้งใน การขยายแบท | I3: Plant ที่ผลิต | J3: No. of New Product Delay Plan | K3: กรณีสินค้านั้นมีการเลื่อนแผนขาย ให้ระบุว่าเลื่อนมาจากเดือนใด และสาเหตุใด | L3: %αβ | M3: %Defect (Test Run 5 กะ) | N3: ภายใน 5 กะ Defect ได้ตาม STD หรือไม่ | O3: ผ่าน | P3: ผ่านแบบมีเงื่อนไข | Q3: ไม่ผ่าน | R3: เหตุผลหลัก | S3: ประเภทของปัญหา | T3: อื่นๆ | U3: ผ่าน2 | V3: ผ่านแบบมีเงื่อนไข2 | W3: ไม่ผ่าน4 | X3: เหตุผลหลัก2 | Y3: ประเภทของปัญหา2 | Z3: อื่นๆ6 | AA3: การแก้ไข | AB3: รายละเอียดการแก้ไข | AC3: Launch Date | AD3: วันที่การตลาด อนุมัติใบขอรหัส | AE3: วันที่ใบขอรหัสจบ (ส่งออก) | AF3: วัน Pre-test run | AG3: Lead time (วัน) | AH3: จำนวนวัน ที่รอ artwork (วัน) | AI3: สรุป leadtime | AJ3: วันที่การตลาดอนุมัติ ใบขอรหัส. | AK3: Launch Date. | AL3: Lead time (วัน). (เก่า) | AM3: วันที่ใบขอรหัสจบ(ภายใน) | AN3: Lead time (วัน). (ใหม่) | AO3: New | AP3: Level Up | AQ3: Total | AR3: ลักษณะ การขาย | AS3: No. of New Product over Target Cost | AT3: สาเหตที่ CM เกิดจริงน้อยกว่า CM ใบขอรหัส | AU3: %CM ใบขอรหัส | AV3: %CM inbound | AW3: %CM เกิดจริง Jan | AX3: %CM เกิดจริง Feb | AY3: %CM เกิดจริง Mar | AZ3: %CM เกิดจริง Apr | BA3: %CM เกิดจริง May | BB3: %CM เกิดจริง Jun | BC3: %CM เกิดจริง Jul | BD3: %CM เกิดจริง Aug | BE3: %CM เกิดจริง Sep | BF3: %CM เกิดจริง Oct | BG3: %CM เกิดจริง Nov | BH3: %CM เกิดจริง Dec | BI3: %CM เกิดจริงเฉลี่ย | BJ3: %CM ต่างจากใบขอรหัส | BK3: Creator | BL3: VG for Love | BM3: ค่าโซเดียม/serve | BN3: ค่าโซเดียมไม่เกิน 1000 mg/serve | BO3: ทางเลือกสุขภาพ | BP3: อาหารที่มีการ เพิ่มหรือลด | BQ3: ผักและผลไม้ | BR3: อาหารทางการแพทย์ | BS3: ไม่เข้าข่าย Health | BT3: JAN | BU3: FEB | BV3: MAR | BW3: APR | BX3: MAY | BY3: JUN | BZ3: JUL | CA3: Aug | CB3: Sep | CC3: Oct | CD3: Nov | CE3: Dec | CF3: Grand Total
A4: 1 | B4: ข้าวเหนียว สเต็ก | C4: PMA08 | D4: Q1 | E4: Jan | F4: 90113352 | G4: BGข.น.เนื้อลาบแซ่บEZYGO137gIMP267-11 | H4: 2 | I4: 4 | J4: 0 | L4: 100 | M4: 0 | N4: 1 | O4: 1 | P4: 0 | Q4: 0 | U4: 1 | V4: 0 | W4: 0 | AG4: =Table13[[#This Row],[วัน Pre-test run]]-Table13[[#This Row],[วันที่การตลาด อนุมัติใบขอรหัส]] | AI4: =Table13[[#This Row],[Lead time (วัน)]]-Table13[[#This Row],[จำนวนวัน ที่รอ artwork (วัน)]] | AJ4: 45999 | AK4: 46030 | AL4: =Table13[[#This Row],[Launch Date.]]-Table13[[#This Row],[วันที่การตลาดอนุมัติ ใบขอรหัส.]] | AM4: 46002 | AN4: =Table13[[#This Row],[Launch Date.]]-Table13[[#This Row],[วันที่ใบขอรหัสจบ(ภายใน)]] | AP4: 1 | AQ4: 1 | AR4: All Store | AS4: 0 | AU4: 30.33 | AV4: 30.88 | AW4: 29.29 | AX4: 30.56 | AY4: 26.52 | AZ4: 31.73 | BI4: =AVERAGE(AW4:BH4) | BJ4: =BI4-AU4 | BM4: 690 | BN4: 1 | BS4: 1 | BT4: 4022504 | BU4: 2879629 | BV4: 1896352 | BW4: 1064995 | CF4: =SUM(BT4:CE4)
A5: 2 | B5: เบอร์เกอร์ รองท้อง | C5: PMA08 | D5: Q1 | E5: Jan | F5: 90113351 | G5: ชีสซี่เบอร์เกอร์ไก่ทอดEZYGO142gIMP2026 | H5: 3 | I5: 1 | J5: 0 | L5: 89.4 | M5: 0 | N5: 1 | O5: 1 | P5: 0 | Q5: 0 | U5: 1 | V5: 0 | W5: 0 | AG5: =Table13[[#This Row],[วัน Pre-test run]]-Table13[[#This Row],[วันที่การตลาด อนุมัติใบขอรหัส]] | AI5: =Table13[[#This Row],[Lead time (วัน)]]-Table13[[#This Row],[จำนวนวัน ที่รอ artwork (วัน)]] | AJ5: 45995 | AK5: 46037 | AL5: =Table13[[#This Row],[Launch Date.]]-Table13[[#This Row],[วันที่การตลาดอนุมัติ ใบขอรหัส.]] | AM5: 46002 | AN5: =Table13[[#This Row],[Launch Date.]]-Table13[[#This Row],[วันที่ใบขอรหัสจบ(ภายใน)]] | AP5: 1 | AQ5: 1 | AR5: All Store | AS5: 0 | AU5: 21.6 | AV5: 21.6 | AW5: 25.31 | AX5: 25.59 | AY5: 24.53 | AZ5: 24.72 | BI5: =AVERAGE(AW5:BH5) | BJ5: =BI5-AU5 | BM5: 1000 | BN5: 1 | BS5: 1 | BT5: 5503870 | BU5: 4687381 | BV5: 3878403 | BW5: 3344298 | CF5: =SUM(BT5:CE5)
A6: 3 | B6: เบอร์เกอร์ รองท้อง | C6: PMA08 | D6: Q1 | E6: Jan | F6: 90113348 | G6: เบอร์เกอร์ไก่EZYGO101g, 7-11 phase 2 | H6: 1 | I6: 1,2 | J6: 0 | L6: 100 | M6: 0.12 | N6: 1 | O6: 1 | P6: 0 | Q6: 0 | U6: 1 | V6: 0 | W6: 0 | AG6: =Table13[[#This Row],[วัน Pre-test run]]-Table13[[#This Row],[วันที่การตลาด อนุมัติใบขอรหัส]] | AI6: =Table13[[#This Row],[Lead time (วัน)]]-Table13[[#This Row],[จำนวนวัน ที่รอ artwork (วัน)]] | AJ6: 45975 | AK6: 46030 | AL6: =Table13[[#This Row],[Launch Date.]]-Table13[[#This Row],[วันที่การตลาดอนุมัติ ใบขอรหัส.]] | AM6: 45988 | AN6: =Table13[[#This Row],[Launch Date.]]-Table13[[#This Row],[วันที่ใบขอรหัสจบ(ภายใน)]] | AP6: 1 | AQ6: 1 | AR6: All Store | AS6: 0 | AU6: 27.83 | AV6: 27.83 | AW6: 34.95 | AX6: 36.56 | AY6: 37.29 | AZ6: 36.32 | BI6: =AVERAGE(AW6:BH6) | BJ6: =BI6-AU6 | BM6: 690 | BN6: 1 | BS6: 1 | BT6: 2760860 | BU6: 1461202 | BV6: 1492843 | BW6: 975489 | CF6: =SUM(BT6:CE6)
A7: 4 | B7: สลัด ยำ น้ำจิ้ม | C7: PMA16 | D7: Q1 | E7: Jan | F7: 90138875 | G7: สลัดปูอัดเเละเซเลอรี พร้อมน้ำสลัดซาวเออร์ เมโย่ ตราอีซี่เฟรช 210 กรัม บายซิซซ์เล่อร์ | H7: 2 | I7: ALL | J7: 0 | L7: 94 | M7: 0 | N7: 1 | O7: 0 | P7: 1 | Q7: 0 | R7: กระบวนการไม่ผ่าน (ผลิต) | T7: ใบมีดเครื่องจักรไม่คม | AG7: =Table13[[#This Row],[วัน Pre-test run]]-Table13[[#This Row],[วันที่การตลาด อนุมัติใบขอรหัส]] | AI7: =Table13[[#This Row],[Lead time (วัน)]]-Table13[[#This Row],[จำนวนวัน ที่รอ artwork (วัน)]] | AJ7: 45966 | AK7: 46030 | AL7: =Table13[[#This Row],[Launch Date.]]-Table13[[#This Row],[วันที่การตลาดอนุมัติ ใบขอรหัส.]] | AM7: 45975 | AN7: =Table13[[#This Row],[Launch Date.]]-Table13[[#This Row],[วันที่ใบขอรหัสจบ(ภายใน)]] | AO7: 1 | AQ7: 1 | AR7: All Store | AS7: 0 | AT7: RM. LB cost สูงกว่าขอรหัส | AU7: 16.49 | AV7: 16.49 | AW7: 18.38 | AX7: 16.06 | AY7: 16.57 | AZ7: 13.86 | BI7: =AVERAGE(AW7:BH7) | BJ7: =BI7-AU7 | BM7: 770 | BN7: 1 | BQ7: 1 | BT7: 15037920 | BU7: 9982080 | BV7: 6558520 | BW7: 3778886 | CF7: =SUM(BT7:CE7)
A8: 5 | B8: ข้าวเหนียว สเต็ก | C8: PMA08 | D8: Q1 | E8: Jan | F8: 90113350 | G8: BGข.น.ไก่ย่างEZYGO136gLV2026,7-11 | H8: 2 | I8: 4 | J8: 0 | L8: 100 | M8: 0.11 | N8: 1 | O8: 1 | P8: 0 | Q8: 0 | U8: 1 | V8: 0 | W8: 0 | AG8: =Table13[[#This Row],[วัน Pre-test run]]-Table13[[#This Row],[วันที่การตลาด อนุมัติใบขอรหัส]] | AI8: =Table13[[#This Row],[Lead time (วัน)]]-Table13[[#This Row],[จำนวนวัน ที่รอ artwork (วัน)]] | AJ8: 45997 | AK8: 46030 | AL8: =Table13[[#This Row],[Launch Date.]]-Table13[[#This Row],[วันที่การตลาดอนุมัติ ใบขอรหัส.]] | AM8: 46003 | AN8: =Table13[[#This Row],[Launch Date.]]-Table13[[#This Row],[วันที่ใบขอรหัสจบ(ภายใน)]] | AO8: 1 | AQ8: 1 | AR8: All Store | AS8: 0 | AU8: 30.03 | AV8: 30.03 | AW8: 42.91 | AX8: 40.71 | AY8: 47.79 | AZ8: 35.34 | BI8: =AVERAGE(AW8:BH8) | BJ8: =BI8-AU8 | BM8: 420 | BN8: 1 | BS8: 1 | BT8: 2077608 | BU8: 1670208 | BV8: 723725 | BW8: 482878 | CF8: =SUM(BT8:CE8)
A9: 6 | B9: เบอร์เกอร์ รองท้อง | C9: PMA08 | D9: Q1 | E9: Jan | F9: 90113356 | G9: เบอร์เกอร์ไก่ย่างและชีสEZYGO105g,7-11 | H9: 3 | I9: 1 | J9: 0 | L9: 100 | M9: 0 | N9: 1 | O9: 1 | P9: 0 | Q9: 0 | U9: 1 | V9: 0 | W9: 0 | AG9: =Table13[[#This Row],[วัน Pre-test run]]-Table13[[#This Row],[วันที่การตลาด อนุมัติใบขอรหัส]] | AI9: =Table13[[#This Row],[Lead time (วัน)]]-Table13[[#This Row],[จำนวนวัน ที่รอ artwork (วัน)]] | AJ9: 46012 | AK9: 46044 | AL9: =Table13[[#This Row],[Launch Date.]]-Table13[[#This Row],[วันที่การตลาดอนุมัติ ใบขอรหัส.]] | AM9: 46028 | AN9: =Table13[[#This Row],[Launch Date.]]-Table13[[#This Row],[วันที่ใบขอรหัสจบ(ภายใน)]] | AO9: 1 | AQ9: 1 | AR9: All Store | AS9: 0 | AU9: 25.85 | AV9: 25.85 | AW9: 34.32 | AX9: 29.03 | AY9: 30.93 | BI9: =AVERAGE(AW9:BH9) | BJ9: =BI9-AU9 | BM9: 760 | BN9: 1 | BS9: 1 | BT9: 1817667 | BU9: 2117417 | BV9: 763756 | BW9: 0 | CF9: =SUM(BT9:CE9)
A10: 7 | B10: เบอร์เกอร์ รองท้อง | C10: PMA08 | D10: Q1 | E10: Jan | F10: 90113349 | G10: เบอร์เกอร์กุ้งชีส(ผสมไก่)EZYGO102g,7-11 | H10: 1 | I10: 1,2 | J10: 0 | L10: 100 | M10: 0 | N10: 1 | O10: 1 | P10: 0 | Q10: 0 | U10: 1 | V10: 0 | W10: 0 | AG10: =Table13[[#This Row],[วัน Pre-test run]]-Table13[[#This Row],[วันที่การตลาด อนุมัติใบขอรหัส]] | AI10: =Table13[[#This Row],[Lead time (วัน)]]-Table13[[#This Row],[จำนวนวัน ที่รอ artwork (วัน)]] | AJ10: 45982 | AK10: 46030 | AL10: =Table13[[#This Row],[Launch Date.]]-Table13[[#This Row],[วันที่การตลาดอนุมัติ ใบขอรหัส.]] | AM10: 46002 | AN10: =Table13[[#This Row],[Launch Date.]]-Table13[[#This Row],[วันที่ใบขอรหัสจบ(ภายใน)]] | AO10: 1 | AQ10: 1 | AR10: All Store | AS10: 0 | AU10: 30.07 | AV10: 30.07 | AW10: 31.25 | AX10: 29.46 | BI10: =AVERAGE(AW10:BH10) | BJ10: =BI10-AU10 | BM10: 820 | BN10: 1 | BS10: 1 | BT10: 4603385 | BU10: 2061592 | BV10: -23 | BW10: 0 | CF10: =SUM(BT10:CE10)
A11: 8 | B11: เบอร์เกอร์ รองท้อง | C11: PMA02 | D11: Q1 | E11: Jan | F11: 90101418 | G11: เกี๊ยวหมึก(หมึกผสมหมู)ซีฟู้ด107g,7-11 | H11: 1 | I11: 2 | J11: 0 | L11: 100 | M11: 0.13 | N11: 1 | O11: 1 | P11: 0 | Q11: 0 | U11: 1 | V11: 0 | W11: 0 | AG11: =Table13[[#This Row],[วัน Pre-test run]]-Table13[[#This Row],[วันที่การตลาด อนุมัติใบขอรหัส]] | AI11: =Table13[[#This Row],[Lead time (วัน)]]-Table13[[#This Row],[จำนวนวัน ที่รอ artwork (วัน)]] | AJ11: 45955 | AK11: 46030 | AL11: =Table13[[#This Row],[Launch Date.]]-Table13[[#This Row],[วันที่การตลาดอนุมัติ ใบขอรหัส.]] | AM11: 45986 | AN11: =Table13[[#This Row],[Launch Date.]]-Table13[[#This Row],[วันที่ใบขอรหัสจบ(ภายใน)]] | AO11: 1 | AQ11: 1 | AR11: All Store | AS11: 0 | AU11: 17.03 | AV11: 17.03 | AW11: 20.64 | AX11: 21.53 | AY11: 18.12 | AZ11: 17.57 | BI11: =AVERAGE(AW11:BH11) | BJ11: =BI11-AU11 | BM11: ไม่ระบุ nutrition บน aw | BS11: 1 | BT11: 6961712 | BU11: 3298219 | BV11: 2185595 | BW11: 1617363 | CF11: =SUM(BT11:CE11)
A12: 9 | B12: ติ่มซำ (นึ่ง) | C12: PMA24 | D12: Q1 | E12: Jan | F12: 90108256 | G12: JBBPไก่กุ้งไข่นกกระทาEZYGO110g,7-11 | H12: 1 | I12: 2 | J12: 0 | L12: 100 | M12: 0.21 | N12: 1 | Q12: 1 | R12: สินค้าไม่ผ่าน | T12: แป้งเนื้อสัมผัสแห้ง,เมื่อเคี้ยวลักษณะเป็นก้อน | U12: 1 | AG12: =Table13[[#This Row],[วัน Pre-test run]]-Table13[[#This Row],[วันที่การตลาด อนุมัติใบขอรหัส]] | AI12: =Table13[[#This Row],[Lead time (วัน)]]-Table13[[#This Row],[จำนวนวัน ที่รอ artwork (วัน)]] | AJ12: 45971 | AK12: 46036 | AL12: =Table13[[#This Row],[Launch Date.]]-Table13[[#This Row],[วันที่การตลาดอนุมัติ ใบขอรหัส.]] | AM12: 45975 | AN12: =Table13[[#This Row],[Launch Date.]]-Table13[[#This Row],[วันที่ใบขอรหัสจบ(ภายใน)]] | AO12: 1 | AQ12: 1 | AR12: All Store | AS12: 0 | AU12: 40.82 | AV12: 40.82 | AW12: 52.79 | AX12: 51.43 | AY12: 48.3 | BI12: =AVERAGE(AW12:BH12) | BJ12: =BI12-AU12 | BM12: ไม่ระบุ nutrition บน aw | BT12: 1624628 | BU12: 1287205 | BV12: 562597 | BW12: 19 | CF12: =SUM(BT12:CE12)
A13: 10 | B13: ติ่มซำ (นึ่ง) | C13: PMA24 | D13: Q1 | E13: Jan | F13: 90102093 | G13: สาหร่ายห่อหมูผสมไก่เนื้อปลาบดEZYGO69gคัพ | H13: 2 | I13: 1 | J13: 0 | L13: 83.33 | M13: 0.21 | N13: 1 | O13: 1 | U13: 1 | AG13: =Table13[[#This Row],[วัน Pre-test run]]-Table13[[#This Row],[วันที่การตลาด อนุมัติใบขอรหัส]] | AI13: =Table13[[#This Row],[Lead time (วัน)]]-Table13[[#This Row],[จำนวนวัน ที่รอ artwork (วัน)]] | AJ13: 46001 | AK13: 46043 | AL13: =Table13[[#This Row],[Launch Date.]]-Table13[[#This Row],[วันที่การตลาดอนุมัติ ใบขอรหัส.]] | AM13: 46027 | AN13: =Table13[[#This Row],[Launch Date.]]-Table13[[#This Row],[วันที่ใบขอรหัสจบ(ภายใน)]] | AO13: 1 | AQ13: 1 | AR13: All Store | AS13: 1 | AT13: LB., PKG. สูงกว่าใบขอรหัส | AU13: 32.6 | AV13: 32.6 | AW13: 20.65 | AX13: 23.8 | AY13: 23.76 | AZ13: 18.52 | BI13: =AVERAGE(AW13:BH13) | BJ13: =BI13-AU13 | BM13: ไม่ระบุ nutrition บน aw | BT13: 1446130 | BU13: 2537560 | BV13: 877397 | BW13: 302588 | CF13: =SUM(BT13:CE13)
A14: 11 | B14: ติ่มซำ (นึ่ง) | C14: PMA24 | D14: Q1 | E14: Jan | F14: 90108259 | G14: แรบบิทถั่วแดง ตรา อีซี่โก 50 กรัม, 7-11 | H14: 1 | I14: 2 | J14: 0 | L14: 83.33 | M14: 0.68 | N14: 1 | O14: 1 | U14: 1 | AG14: =Table13[[#This Row],[วัน Pre-test run]]-Table13[[#This Row],[วันที่การตลาด อนุมัติใบขอรหัส]] | AI14: =Table13[[#This Row],[Lead time (วัน)]]-Table13[[#This Row],[จำนวนวัน ที่รอ artwork (วัน)]] | AJ14: 45988 | AK14: 46050 | AL14: =Table13[[#This Row],[Launch Date.]]-Table13[[#This Row],[วันที่การตลาดอนุมัติ ใบขอรหัส.]] | AM14: 45999 | AN14: =Table13[[#This Row],[Launch Date.]]-Table13[[#This Row],[วันที่ใบขอรหัสจบ(ภายใน)]] | AO14: 1 | AQ14: 1 | AR14: All Store | AS14: 0 | AU14: 39.7 | AV14: 39.7 | AW14: 42.26 | AX14: 44 | AY14: 44.68 | AZ14: 43.4 | BI14: =AVERAGE(AW14:BH14) | BJ14: =BI14-AU14 | BM14: ไม่ระบุ nutrition บน aw | BT14: 773560 | BU14: 1187552 | BV14: 811619 | BW14: 547221 | CF14: =SUM(BT14:CE14)
A15: 12 | B15: ติ่มซำ (นึ่ง) | C15: PMA24 | D15: Q1 | E15: Jan | F15: 90108254 | G15: เปาลาวาช็อกโกแลต ตรา อีซี่โก 80กรัม,7-11 | H15: 2 | I15: 2 | J15: 0 | L15: 100 | M15: 0 | N15: 1 | O15: 1 | U15: 1 | AG15: =Table13[[#This Row],[วัน Pre-test run]]-Table13[[#This Row],[วันที่การตลาด อนุมัติใบขอรหัส]] | AI15: =Table13[[#This Row],[Lead time (วัน)]]-Table13[[#This Row],[จำนวนวัน ที่รอ artwork (วัน)]] | AJ15: 45995 | AK15: 46050 | AL15: =Table13[[#This Row],[Launch Date.]]-Table13[[#This Row],[วันที่การตลาดอนุมัติ ใบขอรหัส.]] | AM15: 46002 | AN15: =Table13[[#This Row],[Launch Date.]]-Table13[[#This Row],[วันที่ใบขอรหัสจบ(ภายใน)]] | AO15: 1 | AQ15: 1 | AR15: All Store | AS15: 0 | AU15: 31.44 | AV15: 31.44 | AW15: 30.48 | AX15: 35.84 | AY15: 26.15 | AZ15: 12.03 | BI15: =AVERAGE(AW15:BH15) | BJ15: =BI15-AU15 | BM15: ไม่ระบุ nutrition บน aw | BT15: 568921 | BU15: 1066129 | BV15: 270317 | BW15: 62483 | CF15: =SUM(BT15:CE15)
A16: 13 | B16: กับข้าว | C16: PMA06 | D16: Q1 | E16: Jan | F16: 90139687 | G16: พะแนงหมู ตราเซเว่นเฟรช IMP2025 | H16: 2 | I16: 1 | J16: 0 | L16: 100 | M16: 0 | N16: 1 | O16: 1 | U16: 1 | AG16: =Table13[[#This Row],[วัน Pre-test run]]-Table13[[#This Row],[วันที่การตลาด อนุมัติใบขอรหัส]] | AI16: =Table13[[#This Row],[Lead time (วัน)]]-Table13[[#This Row],[จำนวนวัน ที่รอ artwork (วัน)]] | AJ16: 45987 | AK16: 46046 | AL16: =Table13[[#This Row],[Launch Date.]]-Table13[[#This Row],[วันที่การตลาดอนุมัติ ใบขอรหัส.]] | AM16: 45993 | AN16: =Table13[[#This Row],[Launch Date.]]-Table13[[#This Row],[วันที่ใบขอรหัสจบ(ภายใน)]] | AP16: 1 | AQ16: 1 | AR16: บางสาขา | AS16: 0 | AU16: 35.06 | AV16: 35.06 | AW16: 41.69 | AX16: 42.27 | AY16: 43.32 | AZ16: 39.39 | BI16: =AVERAGE(AW16:BH16) | BJ16: =BI16-AU16 | BM16: ไม่ระบุ nutrition บน aw | BT16: 652356 | BU16: 662050 | BV16: 801638 | BW16: 928716 | CF16: =SUM(BT16:CE16)
A17: 14 | B17: ข้าวปั้น เครื่องเคียง | C17: PMA19 | D17: Q1 | E17: Jan | F17: 90138886 | G17: โอนิกิริซาบะย่างซีอิ๊ว 150g (big size) | H17: 2 | I17: BNG | J17: 0 | L17: 95 | M17: 0 | N17: 1 | O17: 1 | U17: 1 | AG17: =Table13[[#This Row],[วัน Pre-test run]]-Table13[[#This Row],[วันที่การตลาด อนุมัติใบขอรหัส]] | AI17: =Table13[[#This Row],[Lead time (วัน)]]-Table13[[#This Row],[จำนวนวัน ที่รอ artwork (วัน)]] | AJ17: 46002 | AK17: 46030 | AL17: =Table13[[#This Row],[Launch Date.]]-Table13[[#This Row],[วันที่การตลาดอนุมัติ ใบขอรหัส.]] | AM17: 46009 | AN17: =Table13[[#This Row],[Launch Date.]]-Table13[[#This Row],[วันที่ใบขอรหัสจบ(ภายใน)]] | AO17: 1 | AQ17: 1 | AR17: ทดลองขาย | AS17: 0 | AU17: 26.35 | AV17: 26.35 | AW17: 22.3 | AX17: 25.18 | AY17: 30.06 | AZ17: 25.07 | BI17: =AVERAGE(AW17:BH17) | BJ17: =BI17-AU17 | BM17: ไม่ระบุ nutrition บน aw | BT17: 101004 | BU17: 107759 | BV17: 7343377 | BW17: 16597625 | CF17: =SUM(BT17:CE17)
A18: 15 | B18: ข้าวและกับข้าว | C18: PMA19 | D18: Q1 | E18: Jan | F18: 90138889 | G18: ข้าวผัดผักรวมมิตร+ไก่ทอด 300 กรัม | H18: 3 | I18: BNG2 | J18: 0 | L18: 100 | M18: 0 | N18: 1 | O18: 1 | V18: 1 | Z18: คุณภาพข้าวไม่ผ่าน | AG18: =Table13[[#This Row],[วัน Pre-test run]]-Table13[[#This Row],[วันที่การตลาด อนุมัติใบขอรหัส]] | AI18: =Table13[[#This Row],[Lead time (วัน)]]-Table13[[#This Row],[จำนวนวัน ที่รอ artwork (วัน)]] | AJ18: 45992 | AK18: 46037 | AL18: =Table13[[#This Row],[Launch Date.]]-Table13[[#This Row],[วันที่การตลาดอนุมัติ ใบขอรหัส.]] | AM18: 46006 | AN18: =Table13[[#This Row],[Launch Date.]]-Table13[[#This Row],[วันที่ใบขอรหัสจบ(ภายใน)]] | AO18: 1 | AQ18: 1 | AR18: ทดลองขาย | AS18: 0 | AU18: 35.37 | AV18: 35.37 | AW18: 16.71 | AX18: 25.38 | AY18: 33.41 | AZ18: 36.89 | BI18: =AVERAGE(AW18:BH18) | BJ18: =BI18-AU18 | BM18: 1040 | BT18: 550997 | BU18: 523285 | BV18: 281467 | BW18: 120671 | CF18: =SUM(BT18:CE18)
A19: 16 | B19: ข้าวและกับข้าว | C19: PMA19 | D19: Q1 | E19: Jan | F19: 90138888 | G19: ข้าวแกงเขียวหวานไก่+หมูปั้นก้อนทอด 300 กรัม | H19: 3 | I19: BNG2 | J19: 0 | L19: 100 | M19: 0 | N19: 1 | Q19: 1 | R19: สินค้าไม่ผ่าน | T19: ไก่และหมูปั้นก้อนไม่เป็นไปตามาตรฐาน | U19: 1 | AG19: =Table13[[#This Row],[วัน Pre-test run]]-Table13[[#This Row],[วันที่การตลาด อนุมัติใบขอรหัส]] | AI19: =Table13[[#This Row],[Lead time (วัน)]]-Table13[[#This Row],[จำนวนวัน ที่รอ artwork (วัน)]] | AJ19: 45987 | AK19: 46037 | AL19: =Table13[[#This Row],[Launch Date.]]-Table13[[#This Row],[วันที่การตลาดอนุมัติ ใบขอรหัส.]] | AM19: 46009 | AN19: =Table13[[#This Row],[Launch Date.]]-Table13[[#This Row],[วันที่ใบขอรหัสจบ(ภายใน)]] | AO19: 1 | AQ19: 1 | AR19: ทดลองขาย | AS19: 1 | AT19: ค่าแรงและ PKG สูงกว่าใบขอรหัส | AU19: 33.2 | AV19: 33.2 | AW19: 23.69 | AX19: 27.94 | AY19: 28.15 | AZ19: 29.67 | BI19: =AVERAGE(AW19:BH19) | BJ19: =BI19-AU19 | BM19: 1130 | BT19: 576432 | BU19: 713559 | BV19: 554583 | BW19: 5334724 | CF19: =SUM(BT19:CE19)
A20: 17 | B20: ข้าวและกับข้าว | C20: PMA19 | D20: Q1 | E20: Jan | F20: 90138898 | G20: ข้าวหอมมันปูกะเพราอกไก่ LV 2026 270 กรัม | H20: 4 | I20: 3, All | J20: 0 | L20: 100 | M20: 0 | N20: 1 | Q20: 1 | R20: สินค้าไม่ผ่าน | T20: คุณภาพทางเคมีไม่เป็นไปตาม Product spec | U20: 1 | AG20: =Table13[[#This Row],[วัน Pre-test run]]-Table13[[#This Row],[วันที่การตลาด อนุมัติใบขอรหัส]] | AI20: =Table13[[#This Row],[Lead time (วัน)]]-Table13[[#This Row],[จำนวนวัน ที่รอ artwork (วัน)]] | AJ20: 45992 | AK20: 46046 | AL20: =Table13[[#This Row],[Launch Date.]]-Table13[[#This Row],[วันที่การตลาดอนุมัติ ใบขอรหัส.]] | AM20: 46009 | AN20: =Table13[[#This Row],[Launch Date.]]-Table13[[#This Row],[วันที่ใบขอรหัสจบ(ภายใน)]] | AP20: 1 | AQ20: 1 | AR20: All Store | AS20: 0 | AU20: 25.39 | AV20: 25.39 | AW20: 35.95 | AX20: 37.09 | AY20: 36.85 | AZ20: 34.7 | BI20: =AVERAGE(AW20:BH20) | BJ20: =BI20-AU20 | BM20: 690 | BN20: 1 | BP20: 1 | BT20: 2594574 | BU20: 9161702 | BV20: 10239514 | BW20: 9493328 | CF20: =SUM(BT20:CE20)
A21: 18 | B21: ข้าวและกับข้าว | C21: PMA19 | D21: Q1 | E21: Jan | F21: 90138896 | G21: ข้าวไรซ์เบอร์รี่ผสมข้าวหอมมะลิลาบอกไก่ LV 2026 270 กรัม | H21: 1 | I21: 4, All | J21: 0 | L21: 100 | M21: 0 | N21: 1 | Q21: 1 | R21: สินค้าไม่ผ่าน | V21: 1 | Z21: แก้ไข PDS ส่วนหุงข้าวให้ตรงกับ RD 7 | AG21: =Table13[[#This Row],[วัน Pre-test run]]-Table13[[#This Row],[วันที่การตลาด อนุมัติใบขอรหัส]] | AI21: =Table13[[#This Row],[Lead time (วัน)]]-Table13[[#This Row],[จำนวนวัน ที่รอ artwork (วัน)]] | AJ21: 45992 | AK21: 46045 | AL21: =Table13[[#This Row],[Launch Date.]]-Table13[[#This Row],[วันที่การตลาดอนุมัติ ใบขอรหัส.]] | AM21: 46009 | AN21: =Table13[[#This Row],[Launch Date.]]-Table13[[#This Row],[วันที่ใบขอรหัสจบ(ภายใน)]] | AP21: 1 | AQ21: 1 | AR21: All Store | AS21: 0 | AU21: 26.26 | AV21: 26.26 | AW21: 31.94 | AX21: 33.57 | AY21: 33.62 | AZ21: 31.34 | BI21: =AVERAGE(AW21:BH21) | BJ21: =BI21-AU21 | BM21: 770 | BN21: 1 | BP21: 1 | BT21: 2368040 | BU21: 7604327 | BV21: 8342388 | BW21: 7360410 | CF21: =SUM(BT21:CE21)
A22: 19 | B22: ข้าวและกับข้าว | C22: PMA19 | D22: Q1 | E22: Jan | F22: 90138899 | G22: ข้าวหอมมันปูอกไก่ย่างจิ้มแจ่ว LV 2026 | H22: 2 | I22: 3, All | J22: 0 | L22: 100 | M22: 0 | N22: 1 | O22: 1 | U22: 1 | AG22: =Table13[[#This Row],[วัน Pre-test run]]-Table13[[#This Row],[วันที่การตลาด อนุมัติใบขอรหัส]] | AI22: =Table13[[#This Row],[Lead time (วัน)]]-Table13[[#This Row],[จำนวนวัน ที่รอ artwork (วัน)]] | AJ22: 45992 | AK22: 46043 | AL22: =Table13[[#This Row],[Launch Date.]]-Table13[[#This Row],[วันที่การตลาดอนุมัติ ใบขอรหัส.]] | AM22: 46027 | AN22: =Table13[[#This Row],[Launch Date.]]-Table13[[#This Row],[วันที่ใบขอรหัสจบ(ภายใน)]] | AP22: 1 | AQ22: 1 | AR22: All Store | AS22: 0 | AU22: 30.16 | AV22: 30.16 | AW22: 37.54 | AX22: 38.23 | AY22: 37.78 | AZ22: 37.28 | BI22: =AVERAGE(AW22:BH22) | BJ22: =BI22-AU22 | BM22: 970 | BN22: 1 | BP22: 1 | BT22: 5558327 | BU22: 11992220 | BV22: 12905062 | BW22: 12133213 | CF22: =SUM(BT22:CE22)
A23: 20 | B23: กับข้าว | C23: PMA19 | D23: Q1 | E23: Jan | F23: 90138897 | G23: ต้มยำกุ้งน้ำข้น LV 2026 310 กรัม | H23: 3 | I23: 4, All | J23: 0 | L23: 100 | M23: 0 | N23: 1 | O23: 1 | U23: 1 | AG23: =Table13[[#This Row],[วัน Pre-test run]]-Table13[[#This Row],[วันที่การตลาด อนุมัติใบขอรหัส]] | AI23: =Table13[[#This Row],[Lead time (วัน)]]-Table13[[#This Row],[จำนวนวัน ที่รอ artwork (วัน)]] | AJ23: 45967 | AK23: 46037 | AL23: =Table13[[#This Row],[Launch Date.]]-Table13[[#This Row],[วันที่การตลาดอนุมัติ ใบขอรหัส.]] | AM23: 46014 | AN23: =Table13[[#This Row],[Launch Date.]]-Table13[[#This Row],[วันที่ใบขอรหัสจบ(ภายใน)]] | AP23: 1 | AQ23: 1 | AR23: All Store | AS23: 0 | AU23: 20.52 | AV23: 20.52 | AW23: 19.67 | AX23: 21.48 | AY23: 22.56 | AZ23: 20.54 | BI23: =AVERAGE(AW23:BH23) | BJ23: =BI23-AU23 | BM23: ไม่ระบุ nutrition บน aw | BT23: 5304783 | BU23: 7992490 | BV23: 8679522 | BW23: 8270337 | CF23: =SUM(BT23:CE23)
A24: 21 | B24: ติ่มซำ (นึ่ง) | C24: Export | D24: Q1 | E24: Jan | F24: 90140510 | G24: FZN BBQ Chicken Chick Buns | H24: 1 | I24: 2 | J24: 0 | L24: 93.33 | M24: 0.36 | N24: 1 | O24: 1 | U24: 1 | AC24: 46035 | AD24: 45985 | AE24: 45992 | AF24: 46009 | AG24: =Table13[[#This Row],[วัน Pre-test run]]-Table13[[#This Row],[วันที่การตลาด อนุมัติใบขอรหัส]] | AI24: =Table13[[#This Row],[Lead time (วัน)]]-Table13[[#This Row],[จำนวนวัน ที่รอ artwork (วัน)]] | AO24: 1 | AQ24: 1 | AR24: ต่างประเทศ | AS24: 1 | AT24: ราคาขายต่ำกว่าใบขอรหัส และราคา PKG LB สูงกว่าใบขอรหัส | AU24: 44.96 | AV24: 44.96 | AW24: 39.18 | BI24: =AVERAGE(AW24:BH24) | BJ24: =BI24-AU24 | BM24: ไม่ระบุ nutrition บน aw | BT24: 711486 | BU24: 0 | BV24: 0 | BW24: 0 | CF24: =SUM(BT24:CE24)
A25: 22 | B25: ติ่มซำ (นึ่ง) | C25: Export | D25: Q1 | E25: Jan | F25: 90140509 | G25: FZN Sweet & Sour Hot Cross Buns | H25: 1 | I25: 2 | J25: 0 | L25: 95.24 | M25: 0.71 | N25: 1 | O25: 1 | U25: 1 | AC25: 46035 | AD25: 45985 | AE25: 45992 | AF25: 46008 | AG25: =Table13[[#This Row],[วัน Pre-test run]]-Table13[[#This Row],[วันที่การตลาด อนุมัติใบขอรหัส]] | AI25: =Table13[[#This Row],[Lead time (วัน)]]-Table13[[#This Row],[จำนวนวัน ที่รอ artwork (วัน)]] | AO25: 1 | AQ25: 1 | AR25: ต่างประเทศ | AS25: 1 | AT25: ราคาขายต่ำกว่าใบขอรหัส และราคา PKG LB สูงกว่าใบขอรหัส | AU25: 51.89 | AV25: 51.89 | AW25: 42.7 | BI25: =AVERAGE(AW25:BH25) | BJ25: =BI25-AU25 | BM25: ไม่ระบุ nutrition บน aw | BT25: 577590 | BU25: 0 | BV25: 0 | BW25: 0 | CF25: =SUM(BT25:CE25)
A26: 23 | B26: ข้าวและกับข้าว | C26: PMA19 | D26: Q1 | E26: Feb | F26: 90138904 | G26: ข้าวกะเพราหมู LV 2026 | H26: 3 | I26: BNG2, All | J26: 0 | L26: 100 | M26: 0 | N26: 1 | Q26: 1 | R26: สินค้าไม่ผ่าน | T26: กะเพราหมูเป็นชิ้นแหลก | U26: 1 | AG26: =Table13[[#This Row],[วัน Pre-test run]]-Table13[[#This Row],[วันที่การตลาด อนุมัติใบขอรหัส]] | AI26: =Table13[[#This Row],[Lead time (วัน)]]-Table13[[#This Row],[จำนวนวัน ที่รอ artwork (วัน)]] | AJ26: 46009 | AK26: 46072 | AL26: =Table13[[#This Row],[Launch Date.]]-Table13[[#This Row],[วันที่การตลาดอนุมัติ ใบขอรหัส.]] | AM26: 46040 | AN26: =Table13[[#This Row],[Launch Date.]]-Table13[[#This Row],[วันที่ใบขอรหัสจบ(ภายใน)]] | AP26: 1 | AQ26: 1 | AR26: All Store | AS26: 0 | AU26: 35.88 | AV26: 35.88 | AX26: 46.2 | AY26: 46.33 | AZ26: 44.56 | BI26: =AVERAGE(AW26:BH26) | BJ26: =BI26-AU26 | BM26: 710 | BT26: 0 | BU26: 13641147 | BV26: 37190709 | BW26: 40016069 | CF26: =SUM(BT26:CE26)
A27: 24 | B27: กับข้าว | C27: PMA19 | D27: Q1 | E27: Feb | F27: 90138901 | G27: ไข่เจียวปู 270 กรัม | H27: 4 | I27: Pilot plant, 1 | J27: 0 | L27: 100 | M27: 0 | N27: 1 | Q27: 1 | R27: กระบวนการไม่ผ่าน (ผลิต) | T27: สถานที่การผลิตยังไม่พร้อม และ flow การผลิตไม่ต่อเนื่อง | U27: 1 | AG27: =Table13[[#This Row],[วัน Pre-test run]]-Table13[[#This Row],[วันที่การตลาด อนุมัติใบขอรหัส]] | AI27: =Table13[[#This Row],[Lead time (วัน)]]-Table13[[#This Row],[จำนวนวัน ที่รอ artwork (วัน)]] | AJ27: 46041 | AK27: 46080 | AL27: =Table13[[#This Row],[Launch Date.]]-Table13[[#This Row],[วันที่การตลาดอนุมัติ ใบขอรหัส.]] | AM27: 46062 | AN27: =Table13[[#This Row],[Launch Date.]]-Table13[[#This Row],[วันที่ใบขอรหัสจบ(ภายใน)]] | AO27: 1 | AQ27: 1 | AR27: ทดลองขาย | AS27: 0 | AU27: 30.23 | AV27: 30.23 | AX27: 19.8 | AY27: 30.86 | BI27: =AVERAGE(AW27:BH27) | BJ27: =BI27-AU27 | BM27: ไม่ระบุ nutrition บน aw | BT27: 0 | BU27: 183183 | BV27: 223369 | BW27: 204 | CF27: =SUM(BT27:CE27)
A28: 25 | B28: ข้าวและกับข้าว | C28: PMA19 | D28: Q1 | E28: Mar | F28: 90138911 | G28: ข้าวหมกไก่ 280 กรัม | H28: 2 | I28: 1, All BU | J28: 0 | L28: 100 | M28: 0 | N28: 1 | O28: 1 | W28: 1 | X28: สินค้าไม่ผ่าน | Y28: Man | Z28: น้ำจิ้มหวานไม่เปรี้ยว เกิดจากขั้นตอนผสมก่อนบรรจุุไม่เป็นไปตามมาตรฐาน | AA28: ไม่เข้าซ้ำ | AG28: =Table13[[#This Row],[วัน Pre-test run]]-Table13[[#This Row],[วันที่การตลาด อนุมัติใบขอรหัส]] | AI28: =Table13[[#This Row],[Lead time (วัน)]]-Table13[[#This Row],[จำนวนวัน ที่รอ artwork (วัน)]] | AJ28: 46056 | AK28: 46104 | AL28: =Table13[[#This Row],[Launch Date.]]-Table13[[#This Row],[วันที่การตลาดอนุมัติ ใบขอรหัส.]] | AM28: 46077 | AN28: =Table13[[#This Row],[Launch Date.]]-Table13[[#This Row],[วันที่ใบขอรหัสจบ(ภายใน)]] | AP28: 1 | AQ28: 1 | AR28: All Store | AS28: 0 | AU28: 24.27 | AV28: 24.27 | AY28: 24.08 | AZ28: 22.91 | BI28: =AVERAGE(AW28:BH28) | BJ28: =BI28-AU28 | BM28: 1620 | BT28: 0 | BU28: 0 | BV28: 3797235 | BW28: 12947612 | CF28: =SUM(BT28:CE28)
A29: 26 | B29: ข้าวและกับข้าว | C29: PMA19 | D29: Q1 | E29: Mar | F29: 90138906 | G29: แกงส้มชะอมกุ้ง 310 กรัม | H29: 1 | I29: 4, All BU | J29: 0 | L29: 100 | M29: 0 | N29: 1 | O29: 1 | U29: 1 | AG29: =Table13[[#This Row],[วัน Pre-test run]]-Table13[[#This Row],[วันที่การตลาด อนุมัติใบขอรหัส]] | AI29: =Table13[[#This Row],[Lead time (วัน)]]-Table13[[#This Row],[จำนวนวัน ที่รอ artwork (วัน)]] | AJ29: 46062 | AK29: 46093 | AL29: =Table13[[#This Row],[Launch Date.]]-Table13[[#This Row],[วันที่การตลาดอนุมัติ ใบขอรหัส.]] | AM29: 46072 | AN29: =Table13[[#This Row],[Launch Date.]]-Table13[[#This Row],[วันที่ใบขอรหัสจบ(ภายใน)]] | AP29: 1 | AQ29: 1 | AR29: All Store | AS29: 1 | AT29: ค่า RM สูงกว่าใบขอรหัส | AU29: 18.73 | AV29: 18.73 | AY29: 14.42 | AZ29: 13.55 | BI29: =AVERAGE(AW29:BH29) | BJ29: =BI29-AU29 | BM29: ไม่ระบุ nutrition บน aw | BT29: 0 | BU29: 0 | BV29: 7689311 | BW29: 12157268 | CF29: =SUM(BT29:CE29)
A30: 27 | B30: เส้น (ข้าวไทย) | C30: PMA19 | D30: Q1 | E30: Feb | F30: 90138903 | G30: ก๋วยเตี๋ยวคั่วไก่ 250 กรัม | H30: 5 | I30: 4, All | J30: 0 | L30: 100 | M30: 0 | N30: 1 | Q30: 1 | R30: สินค้าไม่ผ่าน | T30: ชิ้นไก่แหลกเนื่องจากกระบวนการผัดไม่เหมาะสม | U30: 1 | AG30: =Table13[[#This Row],[วัน Pre-test run]]-Table13[[#This Row],[วันที่การตลาด อนุมัติใบขอรหัส]] | AI30: =Table13[[#This Row],[Lead time (วัน)]]-Table13[[#This Row],[จำนวนวัน ที่รอ artwork (วัน)]] | AJ30: 46037 | AK30: 46072 | AL30: =Table13[[#This Row],[Launch Date.]]-Table13[[#This Row],[วันที่การตลาดอนุมัติ ใบขอรหัส.]] | AM30: 46051 | AN30: =Table13[[#This Row],[Launch Date.]]-Table13[[#This Row],[วันที่ใบขอรหัสจบ(ภายใน)]] | AO30: 1 | AQ30: 1 | AR30: All Store | AS30: 0 | AU30: 30.02 | AV30: 30.02 | AX30: 33.13 | AY30: 33.1 | AZ30: 33.79 | BI30: =AVERAGE(AW30:BH30) | BJ30: =BI30-AU30 | BM30: 1490 | BT30: 0 | BU30: 5514646 | BV30: 12418231 | BW30: 11629431 | CF30: =SUM(BT30:CE30)
A31: 28 | B31: เส้น (ข้าวไทย) | C31: PMA20 | D31: Q1 | E31: Feb | F31: 90139663 | G31: ขนมจีนแกงเขียวหวานไก่ 290 กรัม | H31: 4 | I31: 1 | J31: 0 | L31: 100 | M31: 0 | N31: 1 | U31: 0 | AG31: =Table13[[#This Row],[วัน Pre-test run]]-Table13[[#This Row],[วันที่การตลาด อนุมัติใบขอรหัส]] | AI31: =Table13[[#This Row],[Lead time (วัน)]]-Table13[[#This Row],[จำนวนวัน ที่รอ artwork (วัน)]] | AJ31: 46027 | AK31: 46079 | AL31: =Table13[[#This Row],[Launch Date.]]-Table13[[#This Row],[วันที่การตลาดอนุมัติ ใบขอรหัส.]] | AM31: 46043 | AN31: =Table13[[#This Row],[Launch Date.]]-Table13[[#This Row],[วันที่ใบขอรหัสจบ(ภายใน)]] | AO31: 1 | AQ31: 1 | AR31: All Store | AS31: 0 | AU31: 31.49 | AV31: 31.49 | AX31: 31.76 | AY31: 29.86 | AZ31: 29.4 | BI31: =AVERAGE(AW31:BH31) | BJ31: =BI31-AU31 | BM31: 910 | BN31: 1 | BT31: 0 | BU31: 4354930 | BV31: 2367257 | BW31: 2624483 | CF31: =SUM(BT31:CE31)
A32: 29 | B32: กับข้าว | C32: PMA06 | D32: Q1 | E32: Feb | F32: 90139689 | G32: ไก่สับคั่วพริกเกลือพร้อมกระเทียมเจียว62g | H32: 3 | I32: 1 | J32: 0 | L32: 100 | M32: 0 | N32: 1 | O32: 1 | U32: 1 | AG32: =Table13[[#This Row],[วัน Pre-test run]]-Table13[[#This Row],[วันที่การตลาด อนุมัติใบขอรหัส]] | AI32: =Table13[[#This Row],[Lead time (วัน)]]-Table13[[#This Row],[จำนวนวัน ที่รอ artwork (วัน)]] | AJ32: 46001 | AK32: 46077 | AL32: =Table13[[#This Row],[Launch Date.]]-Table13[[#This Row],[วันที่การตลาดอนุมัติ ใบขอรหัส.]] | AM32: 46024 | AN32: =Table13[[#This Row],[Launch Date.]]-Table13[[#This Row],[วันที่ใบขอรหัสจบ(ภายใน)]] | AO32: 1 | AQ32: 1 | AR32: บางสาขา | AS32: 0 | AU32: 37.02 | AV32: 37.02 | AX32: 42.37 | AY32: 41.52 | AZ32: 41.49 | BI32: =AVERAGE(AW32:BH32) | BJ32: =BI32-AU32 | BM32: ไม่ระบุ nutrition บน aw | BT32: 0 | BU32: 487077 | BV32: 733618 | BW32: 497171 | CF32: =SUM(BT32:CE32)
A33: 30 | B33: กับข้าว | C33: PMA20 | D33: Q1 | E33: Feb | F33: 90139674 | G33: แกงเห็ดรวมมิตร 225 กรัม IMP2026, Frozen | H33: 8 | I33: 3 | J33: 0 | L33: 100 | M33: 0 | N33: 1 | AG33: =Table13[[#This Row],[วัน Pre-test run]]-Table13[[#This Row],[วันที่การตลาด อนุมัติใบขอรหัส]] | AI33: =Table13[[#This Row],[Lead time (วัน)]]-Table13[[#This Row],[จำนวนวัน ที่รอ artwork (วัน)]] | AJ33: 45894 | AK33: 45960 | AL33: =Table13[[#This Row],[Launch Date.]]-Table13[[#This Row],[วันที่การตลาดอนุมัติ ใบขอรหัส.]] | AM33: 45916 | AN33: =Table13[[#This Row],[Launch Date.]]-Table13[[#This Row],[วันที่ใบขอรหัสจบ(ภายใน)]] | AP33: 1 | AQ33: 1 | AR33: All Store | AS33: 0 | AU33: 32.92 | AV33: 32.92 | AX33: 35.09 | AY33: 35.09 | AZ33: 33.73 | BI33: =AVERAGE(AW33:BH33) | BJ33: =BI33-AU33 | BM33: ไม่ระบุ nutrition บน aw | BT33: 0 | BU33: 4024986 | BV33: 6713483 | BW33: 8036297 | CF33: =SUM(BT33:CE33)
A34: 31 | B34: เบอร์เกอร์ รองท้อง | C34: PMA08 | D34: Q1 | E34: Feb | F34: 90113354 | G34: เลิฟเวอร์BGไก่ทอดชีสEZYGO139g,7-11 | H34: 1 | I34: 1 | J34: 0 | L34: 100 | M34: 0.15 | N34: 1 | O34: 1 | P34: 0 | Q34: 0 | U34: 1 | V34: 0 | W34: 0 | AG34: =Table13[[#This Row],[วัน Pre-test run]]-Table13[[#This Row],[วันที่การตลาด อนุมัติใบขอรหัส]] | AI34: =Table13[[#This Row],[Lead time (วัน)]]-Table13[[#This Row],[จำนวนวัน ที่รอ artwork (วัน)]] | AJ34: 46012 | AK34: 46058 | AL34: =Table13[[#This Row],[Launch Date.]]-Table13[[#This Row],[วันที่การตลาดอนุมัติ ใบขอรหัส.]] | AM34: 46028 | AN34: =Table13[[#This Row],[Launch Date.]]-Table13[[#This Row],[วันที่ใบขอรหัสจบ(ภายใน)]] | AO34: 1 | AQ34: 1 | AR34: All Store | AS34: 0 | AU34: 25.25 | AV34: 25.25 | AX34: 32.18 | AY34: 27.15 | BI34: =AVERAGE(AW34:BH34) | BJ34: =BI34-AU34 | BM34: 980 | BN34: 1 | BT34: 0 | BU34: 4512763 | BV34: 1159764 | BW34: 0 | CF34: =SUM(BT34:CE34)
A35: 32 | B35: เบอร์เกอร์ รองท้อง | C35: PMA08 | D35: Q1 | E35: Feb | F35: 90113357 | G35: BGกุ้งและไข่กุ้งEZYGO98g7-11IMP2026 | H35: 1 | I35: CHB | J35: 0 | L35: 100 | M35: 0 | N35: 1 | O35: 1 | P35: 0 | Q35: 0 | U35: 1 | V35: 0 | W35: 0 | AG35: =Table13[[#This Row],[วัน Pre-test run]]-Table13[[#This Row],[วันที่การตลาด อนุมัติใบขอรหัส]] | AI35: =Table13[[#This Row],[Lead time (วัน)]]-Table13[[#This Row],[จำนวนวัน ที่รอ artwork (วัน)]] | AJ35: 46024 | AK35: 46065 | AL35: =Table13[[#This Row],[Launch Date.]]-Table13[[#This Row],[วันที่การตลาดอนุมัติ ใบขอรหัส.]] | AM35: 46034 | AN35: =Table13[[#This Row],[Launch Date.]]-Table13[[#This Row],[วันที่ใบขอรหัสจบ(ภายใน)]] | AP35: 1 | AQ35: 1 | AR35: All Store | AS35: 0 | AU35: 29.65 | AV35: 23.33 | AX35: 28.53 | AY35: 28.25 | AZ35: 26 | BI35: =AVERAGE(AW35:BH35) | BJ35: =BI35-AU35 | BM35: 720 | BN35: 1 | BT35: 0 | BU35: 2800165 | BV35: 3233169 | BW35: 2406599 | CF35: =SUM(BT35:CE35)
A36: 33 | B36: เบอร์เกอร์ รองท้อง | C36: PMA08 | D36: Q1 | E36: Feb | F36: 90113358 | G36: เบอร์เกอร์หมูEZGO93g(IMP2026,)7-11 | H36: 1 | I36: 1,All BU | J36: 0 | L36: 100 | M36: 0.08 | N36: 1 | O36: 0 | P36: 0 | Q36: 1 | R36: สินค้าไม่ผ่าน | T36: เนื้อสัมผัสไม่ได้ | U36: 0 | V36: 0 | W36: 1 | X36: สินค้าไม่ผ่าน | Y36: Man | Z36: เนื้อสัมผัสไม่ได้ | AA36: ไม่เข้าซ้ำ | AG36: =Table13[[#This Row],[วัน Pre-test run]]-Table13[[#This Row],[วันที่การตลาด อนุมัติใบขอรหัส]] | AI36: =Table13[[#This Row],[Lead time (วัน)]]-Table13[[#This Row],[จำนวนวัน ที่รอ artwork (วัน)]] | AJ36: 46045 | AK36: 46079 | AL36: =Table13[[#This Row],[Launch Date.]]-Table13[[#This Row],[วันที่การตลาดอนุมัติ ใบขอรหัส.]] | AM36: 46051 | AN36: =Table13[[#This Row],[Launch Date.]]-Table13[[#This Row],[วันที่ใบขอรหัสจบ(ภายใน)]] | AP36: 1 | AQ36: 1 | AR36: All Store | AS36: 0 | AU36: 30.73 | AV36: 22.49 | AX36: 35.01 | AY36: 34.76 | AZ36: 31.32 | BI36: =AVERAGE(AW36:BH36) | BJ36: =BI36-AU36 | BM36: 540 | BN36: 1 | BT36: 0 | BU36: 2002288 | BV36: 12903828 | BW36: 14285232 | CF36: =SUM(BT36:CE36)
A37: 34 | B37: ข้าวเหนียว สเต็ก | C37: PMA08 | D37: Q1 | E37: Feb | F37: 90113353 | G37: เบอร์เกอร์ข้าวเหนียวหมูย่างEZYGO141g7-11 | H37: 1 | I37: 4 | J37: 0 | L37: 100 | M37: 0 | N37: 1 | O37: 1 | P37: 0 | Q37: 0 | U37: 1 | V37: 0 | W37: 0 | AG37: =Table13[[#This Row],[วัน Pre-test run]]-Table13[[#This Row],[วันที่การตลาด อนุมัติใบขอรหัส]] | AI37: =Table13[[#This Row],[Lead time (วัน)]]-Table13[[#This Row],[จำนวนวัน ที่รอ artwork (วัน)]] | AJ37: 46010 | AK37: 46058 | AL37: =Table13[[#This Row],[Launch Date.]]-Table13[[#This Row],[วันที่การตลาดอนุมัติ ใบขอรหัส.]] | AM37: 46028 | AN37: =Table13[[#This Row],[Launch Date.]]-Table13[[#This Row],[วันที่ใบขอรหัสจบ(ภายใน)]] | AO37: 1 | AQ37: 1 | AR37: All Store | AS37: 0 | AU37: 36.65 | AV37: 36.65 | AX37: 64.57 | AY37: 64.85 | AZ37: 56.28 | BI37: =AVERAGE(AW37:BH37) | BJ37: =BI37-AU37 | BM37: 350 | BN37: 1 | BT37: 0 | BU37: 3518368 | BV37: 2029084 | BW37: 985173 | CF37: =SUM(BT37:CE37)
A38: 35 | B38: ข้าวเหนียว สเต็ก | C38: PMA22 | D38: Q1 | E38: Feb | F38: 90138905 | G38: ข้าวเหนียวไก่ย่างแดง อีซี่โก 170g, 7-11 | H38: 2 | I38: 4 | J38: 0 | L38: 100 | M38: 0.13 | N38: 1 | O38: 1 | P38: 0 | Q38: 0 | U38: 0 | V38: 1 | W38: 0 | AG38: =Table13[[#This Row],[วัน Pre-test run]]-Table13[[#This Row],[วันที่การตลาด อนุมัติใบขอรหัส]] | AI38: =Table13[[#This Row],[Lead time (วัน)]]-Table13[[#This Row],[จำนวนวัน ที่รอ artwork (วัน)]] | AJ38: 46014 | AK38: 46058 | AL38: =Table13[[#This Row],[Launch Date.]]-Table13[[#This Row],[วันที่การตลาดอนุมัติ ใบขอรหัส.]] | AM38: 46051 | AN38: =Table13[[#This Row],[Launch Date.]]-Table13[[#This Row],[วันที่ใบขอรหัสจบ(ภายใน)]] | AO38: 1 | AQ38: 1 | AR38: ทดลองขาย | AS38: 1 | AT38: RM. LB cost สูงกว่าขอรหัส และราคาขายน้อยกว่าใบขอรหัส | AU38: 27.69 | AV38: 22.62 | AX38: -9.33 | AY38: -3.79 | AZ38: -4.54 | BI38: =AVERAGE(AW38:BH38) | BJ38: =BI38-AU38 | BM38: 550 | BN38: 1 | BT38: 0 | BU38: 512010 | BV38: 358015 | BW38: 284820 | CF38: =SUM(BT38:CE38)
A39: 36 | B39: ติ่มซำ (นึ่ง) | C39: PMA24 | D39: Q1 | E39: Feb | F39: 90108281 | G39: แรบบิทครีม ตรา อีซี่โก 60 กรัม,7-11 Lv26 | H39: 1 | I39: 2 | J39: 0 | L39: 100 | M39: 0.42 | N39: 1 | O39: 1 | U39: 1 | AG39: =Table13[[#This Row],[วัน Pre-test run]]-Table13[[#This Row],[วันที่การตลาด อนุมัติใบขอรหัส]] | AI39: =Table13[[#This Row],[Lead time (วัน)]]-Table13[[#This Row],[จำนวนวัน ที่รอ artwork (วัน)]] | AJ39: 46027 | AK39: 46078 | AL39: =Table13[[#This Row],[Launch Date.]]-Table13[[#This Row],[วันที่การตลาดอนุมัติ ใบขอรหัส.]] | AM39: 46036 | AN39: =Table13[[#This Row],[Launch Date.]]-Table13[[#This Row],[วันที่ใบขอรหัสจบ(ภายใน)]] | AP39: 1 | AQ39: 1 | AR39: All Store | AS39: 0 | AU39: 36.94 | AV39: 36.94 | AX39: 49 | AY39: 50.41 | AZ39: 49.54 | BI39: =AVERAGE(AW39:BH39) | BJ39: =BI39-AU39 | BM39: ไม่ระบุ nutrition บน aw | BT39: 0 | BU39: 724593 | BV39: 5126676 | BW39: 5106241 | CF39: =SUM(BT39:CE39)
A40: 37 | B40: ติ่มซำ (นึ่ง) | C40: PMA24 | D40: Q1 | E40: Feb | F40: 90108280 | G40: เปาเผือกโมจิ (ซาลาเปา) อีซี่โก 80g,7-11 | H40: 1 | I40: 2 | J40: 0 | L40: 100 | M40: 0.52 | N40: 1 | O40: 1 | U40: 1 | AG40: =Table13[[#This Row],[วัน Pre-test run]]-Table13[[#This Row],[วันที่การตลาด อนุมัติใบขอรหัส]] | AI40: =Table13[[#This Row],[Lead time (วัน)]]-Table13[[#This Row],[จำนวนวัน ที่รอ artwork (วัน)]] | AJ40: 46039 | AK40: 46078 | AL40: =Table13[[#This Row],[Launch Date.]]-Table13[[#This Row],[วันที่การตลาดอนุมัติ ใบขอรหัส.]] | AM40: 46048 | AN40: =Table13[[#This Row],[Launch Date.]]-Table13[[#This Row],[วันที่ใบขอรหัสจบ(ภายใน)]] | AO40: 1 | AQ40: 1 | AR40: All Store | AS40: 0 | AU40: 39.89 | AV40: 39.89 | AX40: 52.95 | AY40: 50.93 | AZ40: 49.69 | BI40: =AVERAGE(AW40:BH40) | BJ40: =BI40-AU40 | BM40: ไม่ระบุ nutrition บน aw | BT40: 0 | BU40: 896459 | BV40: 2015552 | BW40: 1281865 | CF40: =SUM(BT40:CE40)
A41: 38 | B41: ติ่มซำ (นึ่ง) | C41: PMA24 | D41: Q1 | E41: Feb | F41: 90106013 | G41: ไก่นุ่มหน้ากุ้ง(ผสมหมู)EZYGO67g,7-11คัพ | H41: 2 | I41: 2 | J41: 0 | L41: 100 | M41: 0 | N41: 1 | O41: 1 | U41: 1 | AG41: =Table13[[#This Row],[วัน Pre-test run]]-Table13[[#This Row],[วันที่การตลาด อนุมัติใบขอรหัส]] | AI41: =Table13[[#This Row],[Lead time (วัน)]]-Table13[[#This Row],[จำนวนวัน ที่รอ artwork (วัน)]] | AJ41: 46006 | AK41: 46057 | AL41: =Table13[[#This Row],[Launch Date.]]-Table13[[#This Row],[วันที่การตลาดอนุมัติ ใบขอรหัส.]] | AM41: 46009 | AN41: =Table13[[#This Row],[Launch Date.]]-Table13[[#This Row],[วันที่ใบขอรหัสจบ(ภายใน)]] | AO41: 1 | AQ41: 1 | AR41: All Store | AS41: 0 | AU41: 28.18 | AV41: 28.18 | AX41: 28.46 | AY41: 26.58 | AZ41: 23.24 | BI41: =AVERAGE(AW41:BH41) | BJ41: =BI41-AU41 | BM41: ไม่ระบุ nutrition บน aw | BT41: 0 | BU41: 3016074 | BV41: 1797353 | BW41: 778885 | CF41: =SUM(BT41:CE41)
A42: 39 | B42: ข้าวปั้น เครื่องเคียง | C42: PMA19 | D42: Q1 | E42: Feb | F42: 90138907 | G42: โอนิกิริไข่กุ้งมายองเนส 100 กรัม(LV2026) | H42: 1 | I42: ALL | J42: 0 | L42: 100 | M42: 0 | N42: 1 | O42: 1 | U42: 1 | AG42: =Table13[[#This Row],[วัน Pre-test run]]-Table13[[#This Row],[วันที่การตลาด อนุมัติใบขอรหัส]] | AI42: =Table13[[#This Row],[Lead time (วัน)]]-Table13[[#This Row],[จำนวนวัน ที่รอ artwork (วัน)]] | AJ42: 46037 | AK42: 46069 | AL42: =Table13[[#This Row],[Launch Date.]]-Table13[[#This Row],[วันที่การตลาดอนุมัติ ใบขอรหัส.]] | AM42: 46055 | AN42: =Table13[[#This Row],[Launch Date.]]-Table13[[#This Row],[วันที่ใบขอรหัสจบ(ภายใน)]] | AP42: 1 | AQ42: 1 | AR42: All Store | AS42: 0 | AU42: 47.01 | AV42: 39.37 | AX42: 52.09 | AY42: 51.76 | AZ42: 50.64 | BI42: =AVERAGE(AW42:BH42) | BJ42: =BI42-AU42 | BM42: ไม่ระบุ nutrition บน aw | BT42: 0 | BU42: 12169381 | BV42: 29670444 | BW42: 29722494 | CF42: =SUM(BT42:CE42)
A43: 40 | B43: ติ่มซำ (นึ่ง) | C43: Export | D43: Q1 | E43: Feb | F43: 90140505 | G43: Frozen Fully Steamed Gochujang Chicken Bun | H43: 1 | I43: 2 | J43: 0 | L43: 100 | M43: 0 | N43: 1 | O43: 1 | U43: 1 | AC43: 46057 | AD43: 45933 | AE43: 45936 | AF43: 46029 | AG43: =Table13[[#This Row],[วัน Pre-test run]]-Table13[[#This Row],[วันที่การตลาด อนุมัติใบขอรหัส]] | AH43: 54 | AI43: =Table13[[#This Row],[Lead time (วัน)]]-Table13[[#This Row],[จำนวนวัน ที่รอ artwork (วัน)]] | AO43: 1 | AQ43: 1 | AR43: ต่างประเทศ | AS43: 0 | AU43: 55.84 | AV43: 55.84 | AX43: 62 | BI43: =AVERAGE(AW43:BH43) | BJ43: =BI43-AU43 | BM43: ไม่ระบุ nutrition บน aw | BT43: 0 | BU43: 3235200 | BV43: 0 | BW43: 0 | CF43: =SUM(BT43:CE43)
A44: 41 | B44: ติ่มซำ (นึ่ง) | C44: Export | D44: Q1 | E44: Feb | F44: 90140506 | G44: Frozen Fully Steamed Chicken Gyoza | H44: 1 | I44: 2 | J44: 0 | L44: 100 | M44: 0 | N44: 1 | O44: 1 | U44: 1 | AC44: 46057 | AD44: 45933 | AE44: 45936 | AF44: 46028 | AG44: =Table13[[#This Row],[วัน Pre-test run]]-Table13[[#This Row],[วันที่การตลาด อนุมัติใบขอรหัส]] | AH44: 54 | AI44: =Table13[[#This Row],[Lead time (วัน)]]-Table13[[#This Row],[จำนวนวัน ที่รอ artwork (วัน)]] | AO44: 1 | AQ44: 1 | AR44: ต่างประเทศ | AS44: 1 | AT44: ราคาขายต่ำกว่าใบขอรหัส และราคา PKG LB สูงกว่าใบขอรหัส | AU44: 57.69 | AV44: 57.69 | AX44: 51.43 | BI44: =AVERAGE(AW44:BH44) | BJ44: =BI44-AU44 | BM44: ไม่ระบุ nutrition บน aw | BT44: 0 | BU44: 1290914 | BV44: 0 | BW44: 0 | CF44: =SUM(BT44:CE44)
A45: 42 | B45: ข้าวและกับข้าว | C45: PMA20 | D45: Q1 | E45: Mar | F45: 90139668 | G45: ข้าวกะเพรามังสวิรัติ 210 G IMP2026 CHB | H45: 1 | I45: CHB | J45: 1 | K45: แผนขายเดิม 21/10/2025 แผนขายใหม่ 26/2/2026 เนื่องจากลูกค้าเลื่อนขายให้ตรงกับวันมาฆบูชา | L45: 100 | M45: 0 | N45: 1 | O45: 1 | U45: 1 | AG45: =Table13[[#This Row],[วัน Pre-test run]]-Table13[[#This Row],[วันที่การตลาด อนุมัติใบขอรหัส]] | AI45: =Table13[[#This Row],[Lead time (วัน)]]-Table13[[#This Row],[จำนวนวัน ที่รอ artwork (วัน)]] | AJ45: 45894 | AK45: 45951 | AL45: =Table13[[#This Row],[Launch Date.]]-Table13[[#This Row],[วันที่การตลาดอนุมัติ ใบขอรหัส.]] | AM45: 45898 | AN45: =Table13[[#This Row],[Launch Date.]]-Table13[[#This Row],[วันที่ใบขอรหัสจบ(ภายใน)]] | AP45: 1 | AQ45: 1 | AR45: All Store | AS45: 0 | AU45: 35.45 | AV45: 35.45 | AY45: 35.51 | AZ45: 34.14 | BI45: =AVERAGE(AW45:BH45) | BJ45: =BI45-AU45 | BM45: 920 | BN45: 1 | BT45: 0 | BU45: 0 | BV45: 4619790 | BW45: 6089509 | CF45: =SUM(BT45:CE45)
A46: 43 | B46: ข้าวปั้น เครื่องเคียง | C46: PMA19 | D46: Q1 | E46: Mar | F46: 90138908 | G46: แคลิฟอร์เนียโรล 105 กรัม LV2026, Chilled | H46: 2 | I46: ALL | J46: 0 | L46: 95 | M46: 0 | N46: 1 | P46: 1 | U46: 1 | AG46: =Table13[[#This Row],[วัน Pre-test run]]-Table13[[#This Row],[วันที่การตลาด อนุมัติใบขอรหัส]] | AI46: =Table13[[#This Row],[Lead time (วัน)]]-Table13[[#This Row],[จำนวนวัน ที่รอ artwork (วัน)]] | AJ46: 46062 | AK46: 46093 | AL46: =Table13[[#This Row],[Launch Date.]]-Table13[[#This Row],[วันที่การตลาดอนุมัติ ใบขอรหัส.]] | AM46: 46078 | AN46: =Table13[[#This Row],[Launch Date.]]-Table13[[#This Row],[วันที่ใบขอรหัสจบ(ภายใน)]] | AP46: 1 | AQ46: 1 | AR46: All Store | AS46: 0 | AU46: 31.92 | AV46: 25.26 | AY46: 33.18 | AZ46: 31.7 | BI46: =AVERAGE(AW46:BH46) | BJ46: =BI46-AU46 | BM46: ไม่ระบุ nutrition บน aw | BT46: 0 | BU46: 0 | BV46: 5949100 | BW46: 9320202 | CF46: =SUM(BT46:CE46)
A47: 44 | B47: ข้าวปั้น เครื่องเคียง | C47: PMA19 | D47: Q1 | E47: Mar | F47: 90138909 | G47: ซูชิเซ็ท 155 กรัม LV2026, Chilled | H47: 2 | I47: ALL | J47: 0 | L47: 100 | M47: 0 | N47: 1 | O47: 1 | U47: 1 | AG47: =Table13[[#This Row],[วัน Pre-test run]]-Table13[[#This Row],[วันที่การตลาด อนุมัติใบขอรหัส]] | AI47: =Table13[[#This Row],[Lead time (วัน)]]-Table13[[#This Row],[จำนวนวัน ที่รอ artwork (วัน)]] | AJ47: 46083 | AK47: 46104 | AL47: =Table13[[#This Row],[Launch Date.]]-Table13[[#This Row],[วันที่การตลาดอนุมัติ ใบขอรหัส.]] | AM47: 46098 | AN47: =Table13[[#This Row],[Launch Date.]]-Table13[[#This Row],[วันที่ใบขอรหัสจบ(ภายใน)]] | AP47: 1 | AQ47: 1 | AR47: All Store | AS47: 0 | AU47: 28.6 | AV47: 22.17 | AY47: 31.71 | AZ47: 32.82 | BI47: =AVERAGE(AW47:BH47) | BJ47: =BI47-AU47 | BM47: ไม่ระบุ nutrition บน aw | BT47: 0 | BU47: 0 | BV47: 3672908 | BW47: 13096653 | CF47: =SUM(BT47:CE47)
A48: 45 | B48: ติ่มซำ (นึ่ง) | C48: PMA24 | D48: Q1 | E48: Mar | F48: 90101430 | G48: ขนมจีบกุ้งและขนมจีบหมูไข่เค็มEZYGO112g | H48: 1 | I48: 2 | J48: 0 | L48: 100 | M48: 0 | N48: 1 | O48: 1 | U48: 1 | AG48: =Table13[[#This Row],[วัน Pre-test run]]-Table13[[#This Row],[วันที่การตลาด อนุมัติใบขอรหัส]] | AI48: =Table13[[#This Row],[Lead time (วัน)]]-Table13[[#This Row],[จำนวนวัน ที่รอ artwork (วัน)]] | AJ48: 46085 | AK48: 46106 | AL48: =Table13[[#This Row],[Launch Date.]]-Table13[[#This Row],[วันที่การตลาดอนุมัติ ใบขอรหัส.]] | AM48: 46090 | AN48: =Table13[[#This Row],[Launch Date.]]-Table13[[#This Row],[วันที่ใบขอรหัสจบ(ภายใน)]] | AO48: 1 | AQ48: 1 | AR48: All Store | AS48: 0 | AU48: 38.84 | AV48: 33.18 | AY48: 43.35 | AZ48: 40.98 | BI48: =AVERAGE(AW48:BH48) | BJ48: =BI48-AU48 | BM48: ไม่ระบุ nutrition บน aw | BT48: 0 | BU48: 0 | BV48: 1381716 | BW48: 1887655 | CF48: =SUM(BT48:CE48)
A49: 46 | B49: ติ่มซำ (นึ่ง) | C49: PMA24 | D49: Q1 | E49: Mar | F49: 90101429 | G49: ขนมจีบหมูผสมไก่450g7-11 Frozen | H49: 2 | I49: 2 | J49: 0 | L49: 100 | M49: 0 | N49: 1 | O49: 1 | U49: 1 | AG49: =Table13[[#This Row],[วัน Pre-test run]]-Table13[[#This Row],[วันที่การตลาด อนุมัติใบขอรหัส]] | AI49: =Table13[[#This Row],[Lead time (วัน)]]-Table13[[#This Row],[จำนวนวัน ที่รอ artwork (วัน)]] | AJ49: 46044 | AK49: 46091 | AL49: =Table13[[#This Row],[Launch Date.]]-Table13[[#This Row],[วันที่การตลาดอนุมัติ ใบขอรหัส.]] | AM49: 46052 | AN49: =Table13[[#This Row],[Launch Date.]]-Table13[[#This Row],[วันที่ใบขอรหัสจบ(ภายใน)]] | AO49: 1 | AQ49: 1 | AR49: All Store | AS49: 0 | AU49: 40.85 | AV49: 35.01 | AY49: 53.59 | AZ49: 52.18 | BI49: =AVERAGE(AW49:BH49) | BJ49: =BI49-AU49 | BM49: ไม่ระบุ nutrition บน aw | BT49: 0 | BU49: 0 | BV49: 2291201 | BW49: 1325912 | CF49: =SUM(BT49:CE49)
A50: 47 | B50: ติ่มซำ (นึ่ง) | C50: PMA24 | D50: Q1 | E50: Mar | F50: 90108284 | G50: แรบบิทฟักทอง ตรา อีซี่โก 50g,7-11 | H50: 1 | I50: 2 | J50: 0 | L50: 83.33 | M50: 0.42 | N50: 1 | O50: 1 | U50: 1 | AG50: =Table13[[#This Row],[วัน Pre-test run]]-Table13[[#This Row],[วันที่การตลาด อนุมัติใบขอรหัส]] | AI50: =Table13[[#This Row],[Lead time (วัน)]]-Table13[[#This Row],[จำนวนวัน ที่รอ artwork (วัน)]] | AJ50: 46059 | AK50: 46100 | AL50: =Table13[[#This Row],[Launch Date.]]-Table13[[#This Row],[วันที่การตลาดอนุมัติ ใบขอรหัส.]] | AM50: 46066 | AN50: =Table13[[#This Row],[Launch Date.]]-Table13[[#This Row],[วันที่ใบขอรหัสจบ(ภายใน)]] | AO50: 1 | AQ50: 1 | AR50: All Store | AS50: 0 | AU50: 36.99 | AV50: 33.48 | AY50: 45.43 | AZ50: 47.8 | BI50: =AVERAGE(AW50:BH50) | BJ50: =BI50-AU50 | BM50: ไม่ระบุ nutrition บน aw | BT50: 0 | BU50: 0 | BV50: 735992 | BW50: 761235 | CF50: =SUM(BT50:CE50)
A51: 48 | B51: ข้าวเหนียว สเต็ก | C51: PMA08 | D51: Q1 | E51: Mar | F51: 90113366 | G51: BGข้าวเหนียวไก่ปลาร้า อีซี่โก 140g, 7-11 | I51: 4 | J51: 0 | L51: 100 | M51: 0.15 | N51: 1 | O51: 1 | P51: 0 | Q51: 0 | U51: 1 | V51: 0 | W51: 0 | AG51: =Table13[[#This Row],[วัน Pre-test run]]-Table13[[#This Row],[วันที่การตลาด อนุมัติใบขอรหัส]] | AI51: =Table13[[#This Row],[Lead time (วัน)]]-Table13[[#This Row],[จำนวนวัน ที่รอ artwork (วัน)]] | AJ51: 46083 | AK51: 46097 | AL51: =Table13[[#This Row],[Launch Date.]]-Table13[[#This Row],[วันที่การตลาดอนุมัติ ใบขอรหัส.]] | AM51: 46087 | AN51: =Table13[[#This Row],[Launch Date.]]-Table13[[#This Row],[วันที่ใบขอรหัสจบ(ภายใน)]] | AO51: 1 | AQ51: 1 | AR51: All Store | AS51: 0 | AU51: 31.11 | AV51: 25.52 | AY51: 28.1 | AZ51: 30.63 | BI51: =AVERAGE(AW51:BH51) | BJ51: =BI51-AU51 | BM51: 690 | BN51: 1 | BT51: 0 | BU51: 0 | BV51: 2511029 | BW51: 3623664 | CF51: =SUM(BT51:CE51)
A52: 49 | B52: เบอร์เกอร์ รองท้อง | C52: PMA08 | D52: Q1 | E52: Mar | F52: 90113360 | G52: เบอร์เกอร์หมูชีสและแฮมEZYGO126g,7-11 | H52: 2 | I52: 2,KKN | J52: 0 | L52: 100 | M52: 0 | N52: 1 | O52: 1 | P52: 0 | Q52: 0 | U52: 1 | V52: 0 | W52: 0 | AG52: =Table13[[#This Row],[วัน Pre-test run]]-Table13[[#This Row],[วันที่การตลาด อนุมัติใบขอรหัส]] | AI52: =Table13[[#This Row],[Lead time (วัน)]]-Table13[[#This Row],[จำนวนวัน ที่รอ artwork (วัน)]] | AJ52: 46063 | AK52: 46083 | AL52: =Table13[[#This Row],[Launch Date.]]-Table13[[#This Row],[วันที่การตลาดอนุมัติ ใบขอรหัส.]] | AM52: 46063 | AN52: =Table13[[#This Row],[Launch Date.]]-Table13[[#This Row],[วันที่ใบขอรหัสจบ(ภายใน)]] | AO52: 1 | AQ52: 1 | AR52: All Store | AS52: 0 | AU52: 28.98 | AV52: 24.47 | AY52: 27.06 | AZ52: 26.43 | BI52: =AVERAGE(AW52:BH52) | BJ52: =BI52-AU52 | BM52: 750 | BN52: 1 | BT52: 0 | BU52: 0 | BV52: 3914350 | BW52: 2796272 | CF52: =SUM(BT52:CE52)
A53: 50 | B53: เบอร์เกอร์ รองท้อง | C53: PMA08 | D53: Q1 | E53: Mar | F53: 90113362 | G53: BGกุ้งย่างและชีส(ผสมไก่)EZYGO115g,7-11 | H53: 1 | I53: 2,1 | J53: 0 | L53: 100 | M53: 0 | N53: 1 | O53: 0 | P53: 0 | Q53: 1 | R53: กระบวนการไม่ผ่าน (ผลิต) | T53: สายพานหนีบไส้ | U53: 1 | V53: 0 | W53: 0 | AG53: =Table13[[#This Row],[วัน Pre-test run]]-Table13[[#This Row],[วันที่การตลาด อนุมัติใบขอรหัส]] | AI53: =Table13[[#This Row],[Lead time (วัน)]]-Table13[[#This Row],[จำนวนวัน ที่รอ artwork (วัน)]] | AJ53: 46071 | AK53: 46090 | AL53: =Table13[[#This Row],[Launch Date.]]-Table13[[#This Row],[วันที่การตลาดอนุมัติ ใบขอรหัส.]] | AM53: 46073 | AN53: =Table13[[#This Row],[Launch Date.]]-Table13[[#This Row],[วันที่ใบขอรหัสจบ(ภายใน)]] | AO53: 1 | AQ53: 1 | AR53: All Store | AS53: 0 | AU53: 32.57 | AV53: 28.75 | AY53: 35.17 | AZ53: 33.9 | BI53: =AVERAGE(AW53:BH53) | BJ53: =BI53-AU53 | BM53: 950 | BN53: 1 | BT53: 0 | BU53: 0 | BV53: 2619028 | BW53: 2429581 | CF53: =SUM(BT53:CE53)
A54: 51 | B54: เบอร์เกอร์ รองท้อง | C54: PMA08 | D54: Q1 | E54: Mar | F54: 90113363 | G54: เบอร์เกอร์ไก่ทอดชีสEZYGO143g,7-11 | H54: 1 | I54: 1 | J54: 0 | L54: 100 | M54: 0.16 | N54: 1 | O54: 1 | P54: 0 | Q54: 0 | U54: 1 | V54: 0 | W54: 0 | AG54: =Table13[[#This Row],[วัน Pre-test run]]-Table13[[#This Row],[วันที่การตลาด อนุมัติใบขอรหัส]] | AI54: =Table13[[#This Row],[Lead time (วัน)]]-Table13[[#This Row],[จำนวนวัน ที่รอ artwork (วัน)]] | AJ54: 46085 | AK54: 46112 | AL54: =Table13[[#This Row],[Launch Date.]]-Table13[[#This Row],[วันที่การตลาดอนุมัติ ใบขอรหัส.]] | AM54: 46090 | AN54: =Table13[[#This Row],[Launch Date.]]-Table13[[#This Row],[วันที่ใบขอรหัสจบ(ภายใน)]] | AO54: 1 | AQ54: 1 | AR54: All Store | AS54: 0 | AU54: 26.97 | AV54: 21.38 | AY54: 25.16 | AZ54: 24.81 | BI54: =AVERAGE(AW54:BH54) | BJ54: =BI54-AU54 | BM54: 900 | BN54: 1 | BT54: 0 | BU54: 0 | BV54: 571542 | BW54: 3056553 | CF54: =SUM(BT54:CE54)
A55: 52 | B55: ข้าวเหนียว สเต็ก | C55: PMA08 | D55: Q1 | E55: Mar | F55: 90113359 | G55: เจ๊แดงBGข้าวเหนียวหมูน้ำตก141gIMP26,7-11 | H55: 1 | I55: 4 | J55: 0 | L55: 100 | M55: 0.1 | N55: 1 | O55: 1 | P55: 0 | Q55: 0 | U55: 1 | V55: 0 | W55: 0 | AG55: =Table13[[#This Row],[วัน Pre-test run]]-Table13[[#This Row],[วันที่การตลาด อนุมัติใบขอรหัส]] | AI55: =Table13[[#This Row],[Lead time (วัน)]]-Table13[[#This Row],[จำนวนวัน ที่รอ artwork (วัน)]] | AJ55: 46051 | AK55: 46082 | AL55: =Table13[[#This Row],[Launch Date.]]-Table13[[#This Row],[วันที่การตลาดอนุมัติ ใบขอรหัส.]] | AM55: 46055 | AN55: =Table13[[#This Row],[Launch Date.]]-Table13[[#This Row],[วันที่ใบขอรหัสจบ(ภายใน)]] | AP55: 1 | AQ55: 1 | AR55: All Store | AS55: 0 | AU55: 41 | AV55: 30.15 | AY55: 58.83 | AZ55: 62.95 | BI55: =AVERAGE(AW55:BH55) | BJ55: =BI55-AU55 | BM55: 510 | BN55: 1 | BT55: 0 | BU55: -237 | BV55: 2784168 | BW55: 2185825 | CF55: =SUM(BT55:CE55)
A56: 53 | B56: เบอร์เกอร์ รองท้อง | C56: PMA08 | D56: Q1 | E56: Mar | F56: 90113361 | G56: เบอร์เกอร์กุ้งEZYGO93g,7-11IMP2026 | H56: 1 | I56: all bu | J56: 0 | L56: 100 | M56: 0.1 | N56: 1 | O56: 1 | P56: 0 | Q56: 0 | U56: 0 | V56: 0 | W56: 1 | X56: กระบวนการไม่ผ่าน (ผลิต) | Y56: Machine | Z56: center seal ไส้ wip ไม่แน่น | AA56: ไม่เข้าซ้ำ | AG56: =Table13[[#This Row],[วัน Pre-test run]]-Table13[[#This Row],[วันที่การตลาด อนุมัติใบขอรหัส]] | AI56: =Table13[[#This Row],[Lead time (วัน)]]-Table13[[#This Row],[จำนวนวัน ที่รอ artwork (วัน)]] | AJ56: 46064 | AK56: 46103 | AL56: =Table13[[#This Row],[Launch Date.]]-Table13[[#This Row],[วันที่การตลาดอนุมัติ ใบขอรหัส.]] | AM56: 46078 | AN56: =Table13[[#This Row],[Launch Date.]]-Table13[[#This Row],[วันที่ใบขอรหัสจบ(ภายใน)]] | AP56: 1 | AQ56: 1 | AR56: All Store | AS56: 0 | AU56: 28.57 | AV56: 23.55 | AY56: 29.25 | AZ56: 26.99 | BI56: =AVERAGE(AW56:BH56) | BJ56: =BI56-AU56 | BM56: 580 | BN56: 1 | BT56: 0 | BU56: 0 | BV56: 5433350 | BW56: 19814185 | CF56: =SUM(BT56:CE56)
A57: 54 | B57: ข้าวเหนียว สเต็ก | C57: PMA22 | D57: Q1 | E57: Mar | F57: 90138912 | G57: ข้าวเหนียวหมูทอดอีซี่โก125gIMP26,7-11 | H57: 1 | I57: all bu | J57: 0 | L57: 100 | M57: 0 | N57: 1 | O57: 1 | P57: 0 | Q57: 0 | U57: 0 | V57: 1 | W57: 0 | AG57: =Table13[[#This Row],[วัน Pre-test run]]-Table13[[#This Row],[วันที่การตลาด อนุมัติใบขอรหัส]] | AI57: =Table13[[#This Row],[Lead time (วัน)]]-Table13[[#This Row],[จำนวนวัน ที่รอ artwork (วัน)]] | AJ57: 46071 | AK57: 46086 | AL57: =Table13[[#This Row],[Launch Date.]]-Table13[[#This Row],[วันที่การตลาดอนุมัติ ใบขอรหัส.]] | AM57: 46072 | AN57: =Table13[[#This Row],[Launch Date.]]-Table13[[#This Row],[วันที่ใบขอรหัสจบ(ภายใน)]] | AP57: 1 | AQ57: 1 | AR57: All Store | AS57: 0 | AU57: 39.55 | AV57: 24 | AY57: 45.23 | AZ57: 38.66 | BI57: =AVERAGE(AW57:BH57) | BJ57: =BI57-AU57 | BM57: 440 | BN57: 1 | BT57: 0 | BU57: 0 | BV57: 12706191 | BW57: 16277561 | CF57: =SUM(BT57:CE57)
A58: 55 | B58: ติ่มซำ (นึ่ง) | C58: Export | D58: Q1 | E58: Mar | F58: 90140511 | G58: Frozen Fully Steamed Pork Bun (Conan) 100 g | H58: 1 | I58: 2 | J58: 0 | L58: 87.5 | M58: 1.33 | N58: 1 | O58: 1 | P58: 0 | U58: 1 | AC58: 46101 | AD58: 46035 | AE58: 46045 | AF58: 46087 | AG58: =Table13[[#This Row],[วัน Pre-test run]]-Table13[[#This Row],[วันที่การตลาด อนุมัติใบขอรหัส]] | AI58: =Table13[[#This Row],[Lead time (วัน)]]-Table13[[#This Row],[จำนวนวัน ที่รอ artwork (วัน)]] | AO58: 1 | AQ58: 1 | AR58: ต่างประเทศ | AS58: 0 | AU58: 55.97 | AV58: 55.97 | AY58: 58.13 | BI58: =AVERAGE(AW58:BH58) | BJ58: =BI58-AU58 | BM58: ไม่ระบุ nutrition บน aw | BT58: 0 | BU58: 0 | BV58: 896334 | BW58: 0 | CF58: =SUM(BT58:CE58)
A59: 56 | B59: เส้น (ข้าวไทย) | C59: PMA20 | D59: Q1 | E59: Mar | F59: 90139644 | G59: แจ่วฮ้อนหม่ำแซ่บ 170 g (ซุปเข้มข้น) | H59: 8 | I59: 1 | J59: 0 | L59: 100 | M59: 0 | N59: 1 | O59: 1 | W59: 1 | X59: กระบวนการไม่ผ่าน (ผลิต) | Y59: Machine | Z59: เครื่องจักรไม่ได้ตามมาตรฐาน | AA59: เข้าซ้ำ | AG59: =Table13[[#This Row],[วัน Pre-test run]]-Table13[[#This Row],[วันที่การตลาด อนุมัติใบขอรหัส]] | AI59: =Table13[[#This Row],[Lead time (วัน)]]-Table13[[#This Row],[จำนวนวัน ที่รอ artwork (วัน)]] | AJ59: 46035 | AK59: 46107 | AL59: =Table13[[#This Row],[Launch Date.]]-Table13[[#This Row],[วันที่การตลาดอนุมัติ ใบขอรหัส.]] | AM59: 46056 | AN59: =Table13[[#This Row],[Launch Date.]]-Table13[[#This Row],[วันที่ใบขอรหัสจบ(ภายใน)]] | AP59: 1 | AQ59: 1 | AR59: All Store | AS59: 0 | AT59: RM. LB cost สูงกว่าขอรหัส | AU59: 35 | AV59: 26.56 | AY59: 30.71 | AZ59: 30.46 | BI59: =AVERAGE(AW59:BH59) | BJ59: =BI59-AU59 | BM59: 1560 | BT59: 0 | BU59: 0 | BV59: 3259764 | BW59: 4779534 | CF59: =SUM(BT59:CE59)
A60: 57 | B60: เส้น (ข้าวไทย) | C60: PMA19 | D60: Q1 | E60: Mar | F60: 90138910 | G60: ผัดซีอิ๊วหมู 250g. LV 2026 | I60: 4 | J60: 0 | L60: 100 | M60: 0 | N60: 1 | U60: 0 | AG60: =Table13[[#This Row],[วัน Pre-test run]]-Table13[[#This Row],[วันที่การตลาด อนุมัติใบขอรหัส]] | AI60: =Table13[[#This Row],[Lead time (วัน)]]-Table13[[#This Row],[จำนวนวัน ที่รอ artwork (วัน)]] | AJ60: 46063 | AK60: 46093 | AL60: =Table13[[#This Row],[Launch Date.]]-Table13[[#This Row],[วันที่การตลาดอนุมัติ ใบขอรหัส.]] | AM60: 46072 | AN60: =Table13[[#This Row],[Launch Date.]]-Table13[[#This Row],[วันที่ใบขอรหัสจบ(ภายใน)]] | AP60: 1 | AQ60: 1 | AR60: All Store | AS60: 0 | AU60: 31.34 | AV60: 18.21 | AY60: 35.32 | AZ60: 34.68 | BI60: =AVERAGE(AW60:BH60) | BJ60: =BI60-AU60 | BM60: 1390 | BT60: 0 | BU60: 0 | BV60: 26566532 | BW60: 43371499 | CF60: =SUM(BT60:CE60)
A61: 58 | B61: เส้น (ข้าวไทย) | C61: PMA20 | D61: Q1 | E61: Mar | F61: 90139688 | G61: ขนมจีนน้ำยาป่าลูกชิ้นปลา 285 กรัม IMP2026 | I61: 1 | J61: 0 | L61: 100 | M61: 0 | N61: 1 | U61: 0 | AG61: =Table13[[#This Row],[วัน Pre-test run]]-Table13[[#This Row],[วันที่การตลาด อนุมัติใบขอรหัส]] | AI61: =Table13[[#This Row],[Lead time (วัน)]]-Table13[[#This Row],[จำนวนวัน ที่รอ artwork (วัน)]] | AJ61: 46034 | AK61: 46100 | AL61: =Table13[[#This Row],[Launch Date.]]-Table13[[#This Row],[วันที่การตลาดอนุมัติ ใบขอรหัส.]] | AM61: 46044 | AN61: =Table13[[#This Row],[Launch Date.]]-Table13[[#This Row],[วันที่ใบขอรหัสจบ(ภายใน)]] | AP61: 1 | AQ61: 1 | AR61: All Store | AS61: 0 | AU61: 14.3 | AV61: 14.3 | AY61: 20.67 | AZ61: 20.46 | BI61: =AVERAGE(AW61:BH61) | BJ61: =BI61-AU61 | BM61: 1350 | BT61: 0 | BU61: 0 | BV61: 2370986 | BW61: 3259591 | CF61: =SUM(BT61:CE61)
